PuzzleId,FEN,Rating
jCBTz,4rbk1/5p1p/p2p1q2/1p6/8/PPP5/5QPP/7K w - - 0 28,399
TbYPs,8/4rkp1/p3N2p/P1p2P2/6n1/1PPR4/6PP/6K1 w - - 4 38,399
Kwa7Z,1r6/p4pp1/2k4p/2N5/P2P4/2n5/5PPP/2R3K1 w - - 7 29,399
j0mbx,1k1r4/pp6/4p2p/4P2N/1Q5P/5rP1/PP3b2/K2q3R w - - 4 25,399
DF095,r1bqkbnr/pp1np2p/2p1p1Q1/3p4/3P4/2NB4/PPP2PPP/R1B1K1NR b KQkq - 0 8,399
n7jXl,3r1rk1/ppp1qppp/4bN2/8/1n1P4/3QP3/PPB2PPP/R4RK1 b - - 10 15,399
589dR,3rQ2k/p5pp/1p3p2/8/8/8/PP3PPP/4R1K1 b - - 4 30,399
2kSIG,7k/1pr3p1/p6p/5B2/4p3/1PP5/P1KR2PP/4q3 b - - 1 29,399
b93Nb,1r4k1/5ppp/4p3/3p4/1Q6/7P/5PP1/2R3K1 b - - 0 30,399
xxqqJ,rnb1k1nr/1p1p1p1p/3b4/2p5/p2P4/4P1q1/PPPNP2P/RNBQKB1R w KQkq - 0 11,399
QRBjz,r4rk1/pp1R2p1/2p4p/4Q3/2P5/1PN5/1Pb3PP/4Rq1K w - - 2 25,399
5m87m,rnb3k1/ppp2ppp/3p3q/2n3B1/2B4N/2P5/PP3PPP/R3Q1K1 b - - 0 18,399
EB7Z1,r2qk2r/pp2nppp/3pb3/3Pp3/2P3P1/3BPQ2/PP5P/R4RK1 b kq - 0 14,399
Shgx4,r4rk1/1p2q1pp/p2p1p2/2p5/5B2/2PP1n2/PP2QPPP/RN4K1 w - - 0 15,399
pDeA2,8/1ppn2p1/p3k2p/2P1p3/2n3b1/P1Pr2B1/5PPP/RN2R1K1 w - - 4 22,399
NfgTf,r1b2rk1/4qppp/p1p1p3/8/4Q3/3B4/PPP2PPP/R3R1K1 b - - 0 15,399
7TV43,4kb1r/5p1p/pr2pB2/8/8/8/P4PPP/R2R2K1 b k - 0 18,399
r5hob,3Q3k/pp3Rpp/2n5/8/8/7P/PP4P1/4qB1K b - - 0 26,399
qbRI0,8/4kp2/qpr5/4P3/3P4/1p3QB1/P6P/7K w - - 0 44,399
xDjKu,4rr1k/pp4p1/2pR3p/8/8/5B2/bP3PPP/R5K1 w - - 0 23,399
Wskfn,4r1k1/p7/6p1/3R4/8/3p4/PP4PP/7K w - - 2 32,399
7NsaG,4rk2/7Q/p4ppp/1p3p2/8/8/P4PPP/3Rq1K1 w - - 4 36,399
VCjqD,5k2/2r2pb1/p2p3p/1p3Pp1/1P1P4/r4N2/4RPP1/4R1K1 b - - 3 35,399
wfcDz,r2qkb1r/pb1n1p1p/1p2p1p1/2ppP1N1/5Q2/2PP4/PP2BPPP/RN2K2R b KQkq - 1 13,399
fo0DV,r3q1k1/p1pp1ppp/3n1b2/8/1p1P4/1BP2b2/PP3PPP/R1BQ2K1 w - - 0 17,399
6OEer,6k1/R7/1p4p1/5r2/2b5/P2N4/1P4PP/6K1 w - - 1 30,399
MOis1,1r6/6RP/8/8/8/5kp1/8/5K2 w - - 2 64,399
uUYoP,3r2k1/1p1Q1ppp/p3p3/3p4/3P4/4P3/PP3PPP/2R3K1 b - - 0 21,399
Ubpmd,4r2k/p1p1r1pp/5b2/3P4/6Q1/5BB1/PP3PPP/R5K1 w - - 1 28,399
FgEXb,2r2rk1/pp3ppp/4p3/1PPp4/4q3/8/1Q3PRP/7K b - - 3 31,399
SsqJ4,8/1R5p/p3pkp1/3r4/6P1/N3n2P/PP6/1K6 w - - 1 29,399
Kiro6,r2Q2k1/5ppp/8/p7/8/1Pq1B3/Pb3PPP/3R2K1 b - - 2 25,399
XukV1,1q3Q1k/7p/p2p2pP/2p5/1p2P3/1P1P4/PKP5/5R2 b - - 0 33,399
bW5Nt,6k1/4nppp/p7/1p2p3/8/P1P2P1P/1PBr2P1/3R1K2 b - - 4 30,399
iz16s,6k1/5ppp/4p3/R3P3/5P2/1p3KP1/1Pr4P/8 b - - 2 43,399
C3LGl,1r4k1/5ppp/pP6/4p3/1PR5/6P1/5P1P/6K1 b - - 0 36,399
tIV19,3rQ2k/1b4p1/3P3p/7P/7K/P2B3P/6r1/4R3 b - - 5 40,399
fa30h,4r3/2Q2pkp/p3r1p1/8/2pP4/2P3R1/P4PPP/3Rq1K1 w - - 3 32,399
OrZ3P,4r1nk/pb1p1rBp/1p6/6QP/2pP4/8/PPP2P2/2K3R1 b - - 0 24,399
WiMbL,5rk1/Q5pp/8/3P4/p7/4P3/6PP/4Rq1K w - - 2 29,399
gVcTB,2kr2nr/Bpp5/8/1b3p2/1N3Qpp/P7/2P2PPP/R2q2K1 w - - 2 23,399
8CLfV,r4k2/2p2p1p/p6q/8/1pQ5/6P1/PP3R2/6K1 b - - 2 36,399
OvZNp,r3Rk2/1p4pp/2pq2r1/p2p1p2/2bP4/P1P1Q1P1/1P3P1P/4R1K1 b - - 3 25,399
bRmz5,3r1knr/ppp3p1/4R2p/8/8/2b5/PP3PPP/R1B3K1 w - - 0 18,399
QBs9K,r3R1k1/pp3ppp/8/1Q1p4/8/2q5/P4PPP/6K1 b - - 1 22,399
gSmlG,3r2k1/p5pp/2p5/8/2P5/2P2rP1/P5PP/5R1K w - - 0 28,399
kpfkv,2r3k1/pp5p/4q1p1/1Bpp1r2/3b4/3P4/PP1Q2PP/4R2K w - - 0 24,399
kmuPs,k4Rr1/pp4r1/8/8/8/2P3Pp/PP3R1K/8 b - - 1 38,399
sjug7,3r1rk1/4p2R/p1q2p2/2p2bP1/1p6/2N5/PP5Q/2K4R b - - 0 29,399
dkFeU,r4r1k/pbpnb1pp/1p1pp1q1/5p2/2PP4/2N1P2P/PPBnQPP1/R1B1R1K1 w - - 0 15,399
kmDOx,r1bQ2k1/1p1p1ppp/p7/2B1q3/8/8/PnP3PP/2K2B1R b - - 1 17,399
BQKlM,8/8/3p4/8/1p6/1Pkr2R1/P7/1K6 w - - 3 45,399
oSDkd,4rr1k/1npp2p1/p6p/1p1Q1pN1/6n1/1PP5/P5PP/RNBRq1K1 w - - 3 23,399
fMIzr,r5k1/1bR1Prpp/8/7Q/p3p3/3p4/P5PP/4Rq1K w - - 0 27,399
WVxTl,1k2r3/6pp/2p2p2/8/P7/2P5/1P3PPP/3R2K1 w - - 0 26,399
tX1mm,2rQ3k/6p1/qP3pP1/5P1p/PpNR3P/1K6/8/8 b - - 1 42,399
LLZ2Q,r1b3r1/ppp1kB1p/2P5/8/6q1/1Q3N2/P2b1PPP/R4RK1 w - - 0 16,399
Qp2Fp,r4Q1k/6p1/p3r2p/1p6/2p1B3/1nPp3P/1P4P1/3R1RK1 b - - 3 41,399
ZWe0J,3k4/8/3K4/3P4/8/8/4r2p/5R2 b - - 8 64,399
t287z,4r3/5pk1/8/6P1/R6P/P1p2P2/2P5/2K5 w - - 1 39,399
rXH2k,r2qkbnr/p4ppp/2p5/2p1p3/4P3/2N2Q2/PPPP2PP/R1B2RK1 b kq - 1 9,399
GMnd8,8/2pk1p1r/R5p1/1pN4p/4P3/2n2P2/6PP/5K2 b - - 4 30,399
6duCZ,r5k1/R4ppp/4p3/8/8/1b3NP1/5P1P/2R3K1 b - - 0 33,399
AhGo0,5rk1/p4p1p/2r2Pp1/2Rqp3/Q2p4/8/PP3PPP/6K1 w - - 0 31,399
r31rV,6k1/8/R7/2p5/5r2/P3n3/1PP3PP/6K1 w - - 1 36,399
xe4Z4,1r2R1k1/pp4p1/2p5/6N1/2PP4/P7/1r6/4R1K1 b - - 1 34,399
jSczI,3r2k1/3R1ppp/8/2p5/8/5P2/6PP/4R1K1 b - - 0 29,399
VzCiV,3rR1k1/p1br2pp/1p3p2/1P6/q2P4/5NP1/1B2QP1P/6K1 b - - 1 28,399
xxYCG,6k1/ppp2ppp/8/n2p1q2/3P4/2P4P/PB3PP1/4Q1K1 b - - 0 20,399
itBfR,r1b1k2r/ppp1n1b1/7p/4p2B/7B/8/PPP2PPP/2KR3R b - - 4 17,399
7MEDV,3Q1knr/1pq2ppp/p7/5N1r/1P2Pp2/2P2P2/P5PP/R2R3K b - - 1 27,399
Y0uLn,1br2rk1/pp3p2/2nqbn2/3p2B1/3P4/P1N4P/1PB2PP1/R2Q1RK1 w - - 1 17,399
tatoN,2b1r1k1/2q2ppp/2p1pn2/2Pp4/NP1Q1P2/4P3/1B4PP/R5K1 b - - 2 19,399
eP2VC,3r4/Pqp2ppk/4p2p/2P5/8/2P2P2/6PP/1R5K w - - 0 28,399
ir0w1,r4r1k/pp5p/6p1/8/8/1B1Q4/P5PP/5q1K w - - 0 25,399
agfSw,5rk1/3qbppp/1r2p2B/p2p3n/6Q1/2N5/PPP2PPP/1R3RK1 b - - 9 18,399
H3A9n,4r3/ppR5/b2pNkp1/3P1p2/8/1P3P2/P5PP/7K w - - 5 36,399
lf8XM,4k3/2p2p2/8/p1p1N1p1/3rP3/Pp3PP1/1P1Rq1P1/1K6 w - - 0 28,399
PG578,2kr2r1/ppp2pPp/2n1b3/1P6/8/8/1Q2NPPP/R2q1K1R w - - 1 18,399
PYaH8,3Q2k1/5ppp/4p3/qB6/P7/5r1P/5PP1/3R2K1 b - - 1 32,399
MEdEa,4rQ1k/1p4pp/p1q5/4p3/1P2P3/3P2P1/3B3P/5RK1 b - - 0 28,399
cQCPb,4brk1/4q1p1/p2p1p1Q/1p1p1P2/1P1P1B2/6R1/6PP/1Br3K1 w - - 0 28,399
GwwWv,r2qkb1r/pp2pppp/2np1n2/2p5/2B1P3/2PP1Q1P/PP3PP1/RNB1K2R b KQkq - 0 7,399
L7Mx0,r2k4/1p4rp/p2P1N2/4R3/2p5/8/PPP3PP/6K1 b - - 0 24,399
HxX0m,1R3k2/8/2r1pK2/5P2/8/8/8/8 b - - 1 63,399
nLGSo,r3Rk2/1pq2ppb/7p/1B3P2/PP4P1/7P/4Q1K1/8 b - - 1 35,399
m7ywR,7R/1ppk1pr1/1P1p4/3P3p/4qpn1/5Q2/2PN3P/4R2K w - - 0 25,399
Z7jmq,r2q1rk1/3bbppp/n3p3/ppp1P3/3P4/P2Q1N2/1PB2PPP/R1B2RK1 b - - 1 16,399
0YRmo,3r4/1k3ppp/1p6/4Pb2/Rp1r1P2/1B6/1PP3PP/5R1K w - - 0 25,399
teqz3,3rQ1k1/2q2ppp/2p2r2/p7/2b5/1NN5/PP3PPP/R3R1K1 b - - 5 24,399
BV8ua,r4Q1k/6pp/8/ppp1q1P1/3p3P/1P1P4/PBP5/2K2R2 b - - 0 26,399
XQkI5,7r/2kr1p1p/Q3p1p1/1p6/2p2P2/8/P5PP/1R1q3K w - - 1 33,399
GZZrc,2k5/pp3p2/2p3p1/3rp2p/2q3bP/P3P3/1P3P2/2R1K1R1 w - - 0 27,399
0ABE5,r1bq2k1/1p3pp1/p4P1p/2p5/8/P2B4/1pP2PPP/1R2Q1K1 b - - 1 19,399
oKWZs,2Q2k2/5p2/rn3Pp1/2R1P2p/1P1p4/P6P/q4P2/2KR4 b - - 2 37,399
ta7QN,6rk/6qb/p7/1p1Ppp1Q/1P2B3/P3R3/6P1/7K w - - 0 45,399
ZCWf0,3q3k/p2P3p/1p6/1N2p2r/PP3nRp/5P2/Q4P1K/8 b - - 1 36,399
grY57,r1b1k2r/ppp1qppp/1n1p4/3P4/2P5/5n2/PPQ2PPP/RN2KBNR w KQkq - 2 11,399
27asS,rb2k2r/ppqb1ppp/2n1p1n1/3p4/3P4/PPPBB2P/3NNPP1/R2Q1RK1 w kq - 1 13,399
UqOr0,5r2/4N2k/3p2pp/2p1b3/2P1p3/PP5P/2Q3P1/1R3q1K w - - 3 35,399
krLh8,r2q1rk1/p2nbpp1/bp2p2p/3pP2P/3P4/2P5/P1Q2PP1/RBB1K1NR b KQ - 7 15,399
3zUui,5r2/8/8/pQ1p4/2pb4/P5Pp/kP5P/4Rr1K w - - 7 41,399
USe6R,6k1/1r6/6Kp/6p1/p4p2/4p2P/2R5/8 b - - 3 46,399
WwnNk,3rQ1k1/pp3ppp/1b3q2/1B2R3/8/2P2N2/PP3PPP/6K1 b - - 2 18,399
iDXDZ,8/8/4pk2/7p/P1Nr4/1P3bpP/4R3/4K3 w - - 0 53,399
E34vD,1rb2b1k/pp4pp/3Q4/5p1B/3N4/2qP4/P3RKPP/8 b - - 7 25,399
Hbdrt,r3r3/pp2qp1k/5n1p/3p2p1/8/5QB1/PPP2PPP/R4RK1 w - - 0 19,399
CO0hs,4r1kr/ppp5/5qpp/3P4/8/8/PPP3PP/R1B2R1K w - - 0 23,399
4Fxh6,1k5r/1pp4q/p3Q3/5p2/P2P4/1P2PBP1/5P2/2R2RKr w - - 1 34,399
xJmj2,2r3k1/1b3pp1/p1q1p2p/1p6/1PpP4/P3P3/N1Q2PPP/2R3K1 w - - 2 25,399
MM5Wh,r2q1rk1/1b2bppp/p1n1pB2/1p6/8/PN2PN2/2Q2PPP/RB3RK1 b - - 0 15,399
9Iiew,6k1/p5pp/2p5/5PK1/4Q1P1/8/P4q1P/8 b - - 2 35,399
jIUUo,r1k2b1r/1p2pppp/p4n2/BN6/8/5N2/PP3PPP/2KR3R b - - 0 14,399
1fBhw,2rq2rk/5p1Q/3BpPp1/p3P3/1ppP1P2/2R5/P5KP/8 b - - 0 31,399
gBN2K,2kr4/1pp3pp/p3P3/5P1B/2N5/5p2/P6P/R2r3K w - - 1 26,399
qHXSX,8/1p3pk1/p6p/2p5/8/2R5/2q2PPP/3rQ1K1 w - - 5 32,399
tCvfa,r1r5/5pkp/p3p1p1/Pb6/1P2N3/R7/3R1PPP/6K1 w - - 1 29,399
ySmRk,r2q1rk1/1p1bbpp1/2n1p2p/p1ppP3/P2P4/2PQ1N2/1P2NPPP/RB2R1K1 b - - 2 19,399
OcAM1,5k2/1pp2r1p/5Pp1/1p1p2P1/1P1P4/6r1/4R1P1/4R1K1 b - - 3 31,399
ZmV7k,5r1k/ppp2Qpp/1n3p2/8/3P4/6N1/PP3PPP/4R1K1 b - - 0 27,399
ckPnz,3r2k1/p4ppp/1p1R1b2/8/1P6/5P2/r4P1P/4RBK1 b - - 0 30,399
a8ly7,8/2r2pkp/6p1/5p2/P7/1P1R4/5PPP/6K1 w - - 3 34,399
JBUm5,4r1k1/5pp1/p7/8/8/P2q4/1P3PPP/3R2K1 w - - 0 33,399
CSbjv,2r5/5pkp/6p1/R7/2B1P3/1b3P2/6PP/7K w - - 0 36,399
TQFHp,8/8/8/8/8/6pk/7p/5rRK w - - 6 73,399
gFL3N,4r1k1/p4pp1/7p/8/3R4/7Q/PP3PPP/1R2q1K1 w - - 1 25,399
n9abo,2r3k1/pp4p1/3Np3/6p1/P2P1p2/1P1q4/5PPP/3R2K1 w - - 0 24,399
gS8yr,2r3k1/pp3ppp/5q2/8/4P3/P2P2Q1/1P4PP/5R1K w - - 0 25,399
DiimL,3q1rk1/6pp/4PB2/8/2P3Q1/5pP1/5P1P/R2r2K1 w - - 1 31,399
aCKcX,rn2Qqk1/ppp2ppp/8/8/5p2/5N2/PPP3PP/R1B1R2K b - - 2 15,399
GITRa,2k5/1bp1Bp2/2q1p3/1p2Pp2/pQp2P1p/P6P/1P1R2rK/8 w - - 0 38,399
sjebi,k1Qr4/p1R2p2/2P5/4p1p1/2P5/P3P1P1/4KPq1/8 b - - 1 30,399
0j4cu,2k1Q3/1p1n1ppp/2pP1n2/1p6/1P4q1/P7/2P2PP1/3RR1K1 b - - 3 30,399
8Nk60,4rQ1k/pb4pp/2q5/8/2P3n1/1PNr4/PB1P2PP/R4RK1 b - - 2 23,399
IAnik,5bk1/5p1p/6p1/8/2r5/4P2P/P2q1PPB/3R2K1 w - - 0 32,399
4F4WI,3q1rk1/p2n1ppp/1r2p1b1/2bp4/8/1PQ2N1P/PBPN1PP1/R4RK1 b - - 8 17,399
SfHzE,8/2r2kp1/7p/3r4/8/8/PP3PPP/3R2K1 w - - 0 30,399
Kp6lp,r4Qk1/ppb3pp/2n5/8/3P2bn/B1P1q1N1/PP4PP/R4R1K b - - 16 23,399
zu6M2,2rk4/1p3R2/3p1bp1/3Pp3/4B3/pP1P1P2/P5Q1/qK6 w - - 2 32,399
O7uqw,r1b1q1k1/pp3ppp/8/3n4/2BP4/5Q2/PP3PPP/R1B3K1 w - - 0 18,399
AsSur,8/7R/p2k4/1b1P2R1/6p1/1r2p1P1/8/5K2 w - - 3 52,399
2WR7D,8/1p5k/p5pp/8/1Q3pq1/8/PPP5/1K1rR3 w - - 2 37,399
obspa,4r1k1/p4ppp/1n6/2pp4/6b1/N1PP2Q1/P4PPP/R3q1K1 w - - 0 22,399
P2STC,1r1r2k1/p3pp1p/6p1/QB6/P4B2/1bP1RPP1/1P5P/1Kq5 w - - 0 29,399
M9pw0,2r3k1/pR3ppp/5r2/8/8/P1B5/5PPP/5RK1 b - - 0 22,399
RHkKR,2q2Q1k/6pp/8/P3r3/1P6/2P1b1PP/6K1/R4R2 b - - 2 26,399
n32sc,r4Q1k/3q2pp/p7/8/p2Pn3/2P5/1P3RPP/R5K1 b - - 2 29,399
Q09KH,3r2k1/1b3pp1/p3pn1p/2q1r3/1P1N4/2PR2Q1/P4PPP/6K1 w - - 0 33,399
VpC1N,6k1/3R1ppp/2n1p3/p1r5/1Q2P3/K7/1r3PPP/3R4 b - - 0 27,399
889ZJ,4r3/1b3k2/1R3p2/5p2/P7/6P1/5P1P/3Rr1K1 w - - 3 38,399
kKTGE,6k1/2pb2p1/1p1b1p1p/3P1p1Q/2P1r3/7P/P1R2BP1/4q2K w - - 11 34,399
mGndM,3r4/p4p1p/1p3kp1/2p5/8/1P1rP2P/P1R1RPP1/5K2 w - - 6 30,399
GVQvz,3r1Q1k/6pp/2p1p1r1/1p6/2nP4/2P2R2/P5PP/R5K1 b - - 5 30,399
cApko,6k1/R4pp1/7p/3r4/8/5N2/nP3PPP/6K1 w - - 0 21,399
FsPzg,kQ6/1p4p1/1P2p1p1/2P2p2/q5P1/2KR3P/8/8 b - - 0 43,399
greOP,4r3/pppk1pp1/3p3p/3P4/5P2/5RP1/PPP4P/1K6 w - - 1 29,399
d9ok6,1k2r3/ppp4p/2n5/4q3/8/3Q3P/P1P3P1/3R3K b - - 2 25,399
UfKhm,4q1k1/pp4pp/2p5/2Q2p2/3P3P/8/PPP3P1/2K5 w - - 2 30,399
jOdbJ,1k6/1p6/2p1p1p1/P3P3/1n2N3/5r1p/1P5B/1K3r1R w - - 7 38,399
XqhRS,r3r1k1/pb3pp1/1p5p/2pp1R2/Q2P4/P1P3P1/6PP/R3q2K w - - 2 23,399
bpoNJ,3r2k1/p4ppp/4p3/2p1P3/2P2PPb/1P1p1q1P/P2QR2K/2BR4 b - - 0 34,399
nUILw,4r1k1/pR3ppp/3p1b2/3P4/8/4B1P1/PP6/6K1 b - - 0 29,399
ycOaF,r2q1rk1/pb2bppp/1p2p3/2p1B3/3Pp1Q1/1PP1P2P/P2N1PP1/R3K2R b KQ - 1 13,399
StjBY,7k/pQ2q1pp/8/4P3/3P4/4b3/PP4PP/5R1K b - - 2 29,399
XSjfG,r4k2/8/1R5p/8/8/8/1p3PPP/6K1 w - - 0 40,399
bDF90,1k1Q3r/ppp5/5pp1/7q/8/P1N1P3/1P4PP/3R2K1 b - - 7 28,399
VwtVv,6k1/pp3ppp/8/7r/3r4/1K4B1/PPn4P/2R5 b - - 5 26,399
Elz7d,3r2k1/5ppp/4p3/R7/Pp1R1n2/1P3P2/6PP/6K1 b - - 0 29,399
3FFJ7,6k1/p1q3bp/1p1p2p1/3Pp3/4P3/P1N2Q2/1P4PP/7K w - - 2 42,399
VNAeq,8/3R4/1p3pk1/p1b3pp/P7/3BrP2/6K1/8 b - - 4 45,399
5upsG,5r1k/p4Qpp/np4p1/8/6P1/2R4P/PPP2P2/3K4 b - - 0 25,399
Ah7zT,7r/4k3/R2p3r/1p1Pp3/8/2P3N1/1PB1QPP1/6Kq w - - 1 33,399
GcYd6,rn4k1/p4ppp/4p3/8/3r4/6P1/PP2PPKP/2R2R2 b - - 1 17,399
FNx68,8/R2B4/5kp1/2rb1p2/8/P5P1/1P3P1P/6K1 w - - 1 30,399
iUdxT,8/1r4pk/2p4p/p2p4/1P6/P4R2/5PPP/6K1 w - - 0 35,399
oMU0g,6k1/5ppp/2r1p3/2P2B2/8/5P2/5PKP/3R4 b - - 0 28,399
PY1yA,5r2/1p3p1k/p4q1b/3p3Q/4r3/2P5/PP4PP/R1B2R1K w - - 0 33,399
moQKr,r1b2rk1/1pq2pp1/p1n1p2p/3pP3/8/P2Q1NP1/1P3PP1/RB2R1K1 b - - 2 18,399
mHUXB,5k2/4n1p1/3RP3/8/8/5K2/8/r7 b - - 0 39,399
o7aJM,6k1/pp3p1p/6p1/2P5/1P2p3/P3P3/1r3PPP/2R3K1 w - - 2 22,399
SK78S,5rk1/p5pp/4p3/2p2p2/2P1N3/1P1rb1PP/PB3RK1/5R2 b - - 1 27,399
xjCFV,7r/pp3k2/2b1p3/6q1/3P3P/P7/5P2/R4BK1 w - - 0 33,399
0Q1vY,3r2k1/1p1P2p1/p2r4/5pN1/7P/8/PP2R3/6K1 b - - 0 34,399
fDImu,8/p3kpp1/1p2r2p/8/8/P3rP2/1P3RPP/3R1K2 w - - 6 30,399
0HsPa,r4rk1/p2bnpp1/4p2p/4P3/1Pq2P2/P6Q/2B3PP/3R1R1K w - - 0 28,399
WU1XL,1rk2B2/3R3p/p1p3p1/2N5/2p5/8/P5PP/7K w - - 2 31,399
Wljz2,1b1r4/1p3k1p/p1pqp2Q/3n4/1P1Pp3/2P4P/P2N1P2/R4RrK w - - 2 23,399
fsYVg,2r3k1/p4p1p/1p4p1/8/4p3/1P2P3/P3bPPP/4R1K1 w - - 0 26,399
AikG4,5k2/p2n1pp1/3P3p/3Np3/P7/6P1/3r1P1P/2R3K1 b - - 4 25,399
XgXtT,8/p1b5/1p2k1B1/2p5/2P2r2/1PB4P/P5P1/3R1q1K w - - 0 33,399
S1E0A,r1bk4/pppp1Bpp/8/8/3P4/8/P3QPPP/b5K1 b - - 0 17,399
Q5dAI,r1b1k1nr/pppp1ppp/3b4/4q3/1P6/P1N1PB2/1BP2PPP/R2Q1RK1 w kq - 1 12,399
WiOt8,5Qk1/3p1p1p/4pP2/p5P1/2p1P3/2P1q2P/P4R2/1R2n1K1 b - - 0 27,399
sC8oI,r6k/ppp3pp/1bb3q1/4p3/3P3Q/2P5/PP1N2PP/R4R1K w - - 6 18,399
FkaMQ,r1bqkb1r/pp1ppp1p/2n2np1/4P3/2B2Q2/2p5/PP3PPP/RNB1K1NR b KQkq - 2 7,399
SHztN,r1b2k1r/1pp2ppp/p2p1q2/n7/Q1BP4/5N2/PB3PPP/4R1K1 b - - 6 17,399
Pk6Jf,rnbqkbnr/p2ppp1p/1p4p1/2p5/2B1P3/5Q2/PPPP1PPP/RNB1K1NR b KQkq - 1 4,399
3UCZf,r2bk2r/pppbnBp1/3p2q1/8/4PQ1p/2PP3P/PP4PN/R1B2R1K b kq - 0 17,399
p9Zbw,r2qr2k/p1p1b1p1/b1p2p1R/4nP2/4p3/1BP4Q/PP4PP/RNB3K1 b - - 0 18,399
d2Mo2,3r2k1/pp3ppp/8/4bb2/8/8/P3NPPP/2R3K1 b - - 5 23,399
JN2Um,r3r1k1/pp3pbp/5np1/3p2B1/3p4/1B1P2Q1/PPP2PPP/R3q1KR w - - 7 18,399
yZhZk,r3r2k/pp3qp1/2n4p/7Q/3p4/1P1P4/1PP2PPP/R1B3K1 w - - 0 20,399
Qr34k,4q1k1/2b1rpp1/6p1/1pPp4/pP1P4/P4Q1P/1B1R1PP1/1R2rK2 w - - 1 40,399
zrf6p,r3r1k1/1b1p1ppp/p1n5/1p3P2/5BQ1/P1N5/BP4PP/R3q2K w - - 1 21,399
3arhP,6k1/pp4pp/4R1P1/8/1P2K3/P6r/8/3qb3 b - - 0 44,399
mHdgE,6k1/pp1r1ppp/2p2n2/8/8/1P4BP/P6P/4R1K1 b - - 4 30,399
XmJQ1,1r3Nk1/1r4p1/p3pp2/7P/2nP4/2P1B3/P1P2P2/2KR3R w - - 4 29,399
dVZf8,8/p2Q2pk/4pr1p/8/5q2/Pp4RP/5nPK/8 b - - 1 41,399
Qb8fs,q7/P5pk/6rp/2p2p2/2p5/2P4Q/5BPP/R6K w - - 1 40,399
fjLgs,2R3k1/5ppp/p2rb3/8/3p4/Pp1P4/1P3PPP/4R1K1 b - - 1 29,399
9ukGg,1k6/ppp1r3/8/7p/8/1BP5/P2q1PPP/3R2K1 w - - 0 28,399
WicL2,r4rk1/pp2qp1p/3p1Rp1/8/3pP3/7Q/PP1NB3/1K5R b - - 0 22,399
FTnCd,8/5p1p/2k1b3/p3B3/N3P3/1K1R4/5r2/8 w - - 8 43,399
p6teB,6k1/p4ppp/4p3/8/2r1P3/5PK1/1r4PP/3R3R b - - 4 26,399
n3Iss,4r1k1/5pp1/p4n1p/1p3P2/1Ppb4/P1N5/2P2PPP/3R2K1 w - - 0 28,399
ymCtN,2r1R1k1/5p1p/p1Q2Pp1/3p1qP1/PB3P1n/2P4P/5K2/8 b - - 2 38,399
p62o2,6Qk/p4ppp/1r2p3/8/4q3/2K3P1/P4P1P/R2R4 b - - 0 36,399
Gz2Ar,3r1k2/3R1Pb1/2p3P1/p4p2/8/5K2/P7/4R3 b - - 0 54,399
NtfnX,8/8/p1R2P2/2pp2p1/P7/5r1k/8/4Rr1K w - - 5 48,399
4FtQ3,r4rk1/p4pp1/np2pq1p/2pb4/3P4/P1PQPN2/2B2PPP/R4RK1 b - - 1 14,399
OqW0I,rn2k2r/5pbp/p3p1p1/1p2n1B1/2p5/P3NP2/BPP2P1P/2KR3R b kq - 1 17,399
St3v1,6k1/1rp2pp1/5n1p/2B5/2qP4/4P3/P4PPP/2R3K1 w - - 0 24,399
ghhOP,6k1/p2b1r1p/1p2pBQ1/3p1pP1/5q2/3P3R/PPr3P1/4R2K b - - 0 29,399
Pkjwe,6R1/p7/2pk4/5r2/8/2P3Pb/P6P/4R1K1 w - - 0 29,399
4SCU0,N6k/1p3rpp/p1b5/2p1p3/4q3/2P5/PP2nRPP/3R3K b - - 0 26,399
qkOSb,4r1kr/1ppqbpp1/p2p1np1/3P4/2P3P1/3PB2P/PP3QB1/4RRK1 b - - 0 23,399
RNwXW,r4rk1/1b1n1ppp/p1q1p3/1p6/2NP4/2P1P2P/P1Q1BPP1/1R3RK1 w - - 1 18,399
K8bMT,1k1Q4/ppp5/8/4ppb1/4q1P1/P1P1r2P/1P6/K2R4 b - - 3 41,399
jflMd,1r1R2k1/5ppp/pNn5/8/8/8/PP3KPP/4R3 b - - 0 26,399
0Iy2A,7k/p1p4p/4p3/8/3qP3/1P1P4/2PK4/5Q2 b - - 0 38,399
4oBGz,4r1k1/2p2p2/p2B3p/1p4p1/3Q4/1P6/1P3PPP/3Rq1K1 w - - 3 29,399
1Myjo,3q2k1/pb3n1p/6pB/5p1n/8/1Pp1Q3/P1P2PPP/R5K1 b - - 4 28,399
ic7dV,6k1/p1r2ppp/8/8/B1p5/8/PPn2PPP/3R2K1 b - - 1 30,399
OMgMC,4r1k1/5pp1/p6p/2p5/1p1b1Q2/3P1P2/P1P3PP/1R2q2K w - - 5 26,399
zvJcG,3rrk2/ppp2p1R/2n3p1/5N2/3pQ3/8/P1P2PPP/4q1K1 w - - 0 23,399
a1SeR,r3k3/5ppp/1pN1p3/2n5/2P5/5P2/PP3KPP/3R4 b - - 2 25,399
xPert,r3R2k/p2Q1pp1/2p4p/1p1n4/3q4/P1p5/2Bn1PPP/2B3K1 b - - 1 31,399
TGuVV,3r2k1/2Q2pp1/1pR4p/4p3/8/8/p5PP/2Rq3K w - - 1 35,399
gwa4q,r2R2k1/5ppp/p7/8/8/P3P3/2r2PPP/3R2K1 b - - 1 32,399
1J31C,r1r3k1/p1q1ppbp/1p1p2p1/8/3P4/PP2NQP1/1Bn2P1P/2KR3R w - - 0 19,399
zDmNw,7k/p4P2/1p4PK/2p5/8/8/3p4/8 b - - 0 53,399
1QAa0,8/4R3/p4k2/3b1p2/7P/P3R1P1/5P2/1r4K1 w - - 5 41,399
4KlCS,3R4/1p3p1k/3b1B2/3P1K1p/p5p1/6P1/P3r3/8 b - - 3 37,399
qCjE1,4k3/8/5Kpr/8/R6P/8/8/8 b - - 6 84,399
nfYXf,r1br2k1/pp3p1p/3Q2pB/q7/2B5/2b1R3/P4PPP/5RK1 b - - 3 19,399
wwaKG,1n4k1/p4ppp/8/P7/1PbP3b/2P3r1/5K2/4R3 b - - 7 39,399
HotJh,2r5/pp3pkp/6p1/5p2/P7/3r4/1PP1RPPP/6K1 w - - 0 25,399
s0TTv,3r3k/1ppr1ppp/p7/8/2P5/P5P1/4RP1P/4R1K1 b - - 4 25,399
6FxWU,5rk1/ppp3pp/8/1P2N3/4Q3/n7/P5PP/4Rq1K w - - 3 30,399
bJnoN,r1r3k1/p3Qppp/8/8/4P3/8/P4PPP/2qR2K1 w - - 0 21,399
8Q3T8,5r2/8/7k/3Rb1p1/6Kp/7P/6P1/8 w - - 0 59,399
kXhUq,2kr3r/1bp2pbp/pB3np1/3q4/PP6/2PB3P/2QN1PP1/R3R1K1 w - - 1 19,399
OJUPB,4k3/ppR3pp/8/8/3R2b1/8/Pr3PPP/6K1 w - - 2 23,399
xlzho,2r2k1r/p4p2/1pB1pPp1/8/5P2/1PN5/2PR2PP/6K1 b - - 0 24,399
WYRIZ,2k3r1/2p4p/p1p4n/2N5/1P6/5r1P/P3R3/R6K b - - 1 31,399
SyeFm,2r1Q2k/q5pp/3B1p2/p1pp3P/N2p4/8/PP4P1/4R1K1 b - - 0 34,399
039zu,4R3/5k2/1p3N2/3pPp2/1P1P1r2/2P1n3/7P/7K w - - 3 49,399
QJpyU,4rk2/4nppp/1nN5/r7/4R2P/2P1RNP1/2P2PK1/8 b - - 8 33,399
nUoU4,1N4k1/6pp/4p3/2Ppr3/P1n5/2R5/5PPP/6K1 w - - 1 31,399
2S8KE,1rbQ2k1/5p1p/1p4pB/8/7q/7P/P4PP1/3R2K1 b - - 2 29,399
tpssn,8/8/8/8/P3p3/1r2k3/R7/4K3 w - - 0 60,399
jRngH,1k6/1Rr2bpp/8/2qP1p2/2P5/PQ6/5PPP/1R4K1 b - - 0 35,399
wk945,1k6/ppp2p2/2q4p/6p1/P4p2/4b3/6PP/3Q1N1K b - - 0 40,399
YwUkZ,2r3k1/pp4pp/3p4/2rP1P1q/4p3/2B1Nn2/PP2N1Q1/R2K4 b - - 19 37,399
kV12A,2Q1R2k/6pp/pp3bqr/8/3p2P1/P2R1N2/1P3P1P/6K1 b - - 0 37,399
IK9ZH,7k/pp1q3p/2n5/2Q1p3/5p2/7P/P4BPK/8 b - - 3 33,399
U5Zdt,r2qrbk1/pp2npp1/2pp3p/4P3/4QP2/P1NB1R1P/1P4P1/5RK1 b - - 1 18,399
TJZwR,2q2rk1/p2b1pp1/Pp1pp2p/3p4/2rPn3/2PQPP2/1PB3PP/R4RK1 b - - 0 29,399
pejR6,6k1/5ppp/p4n2/1ppp4/5N2/P1qP1Q2/2P2PPP/R3r1K1 w - - 0 27,399
4DesK,r2qkb1r/pQ3pp1/5p1p/5b2/8/6P1/PPn1PPBP/R1B1K1NR w KQkq - 1 11,399
7poBh,1k6/ppp2pQp/8/8/8/P5KP/1P1q4/8 b - - 5 32,399
B00ti,r6k/Q5pp/1p2p3/3bb3/8/4P1P1/P1R2PP1/6K1 b - - 0 29,399
AMYbR,4k2r/2r2p1p/p3p1p1/4P1B1/2pR1P2/1P6/P5PP/5K2 b k - 0 29,399
T78c0,r1bq1rk1/1pp1bpp1/2n2n1p/p2Np1N1/2P4P/P3P3/1PQP1PP1/R1B1KB1R b KQ - 0 9,399
qqyUJ,1n3rk1/3b1pp1/1q1ppn1p/4P3/1p1P4/rN1Q1N2/P1B2PPP/R4RK1 b - - 0 18,399
LKuvl,r2q1rk1/2p1bppp/p4N2/1p6/1n1P2b1/3QBN2/PPB2PPP/R3R1K1 b - - 0 15,399
lVch6,7k/5R2/6p1/ppp3Pp/7P/P3r3/1PPN4/2K4b w - - 0 30,399
phRJo,r1b3k1/ppp2ppp/8/4p3/2q5/B7/P1P2PPP/1R1Q2K1 b - - 1 15,399
ao0pu,3r1Q1k/p5pp/1p2p3/2p3q1/2P2R2/1P4P1/P4PBK/8 b - - 2 33,399
nBq0E,1n1rnQ1k/4b1pp/2p1p3/2P1P3/3P4/2B5/q3N1PP/1N3RK1 b - - 2 22,399
J5kiu,8/pk3ppp/2p1p3/3r2P1/5q1P/2R5/PP4b1/K4R2 w - - 0 29,399
STiFr,5q1k/p5p1/1pn1Q1P1/7p/3p4/P7/6PP/1B5K w - - 2 37,399
cxYE5,1k5r/pp1R2p1/3p4/3N4/2P3r1/1P6/P7/2K5 b - - 5 35,399
ZTf7w,r3Q1k1/5p1p/6p1/p1pq4/2N5/2B5/PP3PPP/4R1K1 b - - 0 29,399
A1QdL,7k/p1q3pp/1pP2p2/8/3Q4/1P3nP1/PB3PK1/4R3 b - - 1 28,399
stF76,r4k2/5p2/6p1/5N1R/8/p2r3P/1R3PK1/8 b - - 0 41,399
KvOzU,6k1/p1p2ppp/8/6q1/1P4R1/P2r2PK/1Q5P/8 b - - 8 41,399
bF1Cv,r1bq1rk1/1p1n1pp1/p1p1p2p/3n4/3P1B2/2PQPN2/P1B2PPP/R4RK1 b - - 3 13,399
wlSvl,1r1Q2k1/5ppp/7q/p3b3/4P3/2P5/PP3PPP/1K1R3R b - - 4 24,399
9bLsT,8/4Pkp1/3K4/5R1p/8/8/8/4r3 b - - 2 56,399
klGJH,6k1/pp3pp1/8/5r2/4B3/P7/1r6/3R3K b - - 1 35,399
Mtq9i,3r1Q1k/pp4p1/1qp4p/8/3P2P1/4P2P/PPB5/5RK1 b - - 3 29,399
e6veG,rn3r1k/p5pp/1p1R2b1/2p3B1/4p2N/2Q5/PP4PP/3R1q1K w - - 2 29,399
uFYUC,4r1k1/1p3p1p/p5p1/2p1P3/PqPR1Pb1/1PN5/1Q4PP/6K1 w - - 0 25,399
b6e7a,3r2k1/5ppp/p7/1p1Rb3/8/P7/1P3PPP/2R3K1 b - - 0 29,399
nNuKt,5r1k/pp4pp/3p4/8/3p1Q2/3P3P/5PP1/4RK2 b - - 0 26,399
CGGgJ,6QK/8/5q1k/8/8/8/8/8 w - - 1 67,399
W6aCK,3R4/1p2r2p/5kp1/8/1P6/8/4rPPP/5RK1 w - - 0 35,399
rTQia,4k2r/p1qn1p1p/b1N1p1p1/3pP3/1b6/1P2B1Q1/1P1N1PPP/4K2R w Kk - 1 21,399
7yx2b,6k1/pp3ppp/2p5/8/1P6/P3P2P/4KPP1/2qQ4 b - - 0 28,399
q00HU,5r1k/3p1N1p/8/p2K1P2/1p2P1R1/2bn4/Pp6/6R1 b - - 0 39,399
H2aLn,Q2r3k/2p3pp/8/5R2/3P4/1P2q2P/2P3P1/5R1K b - - 0 27,399
1lAc9,1b3r2/pp3pk1/2p1r3/8/8/1P3Q1P/P1P2PP1/3R2K1 w - - 5 28,399
3pD0c,1k5R/ppp3r1/8/3p4/3P2n1/4P1P1/PPP2PK1/8 b - - 1 32,399
HUoOo,1rr2Q1k/6pp/p7/1pPpPR2/3P4/3qP3/5R1P/6K1 b - - 3 32,399
omvin,4Q1k1/1p2Rppp/p7/1q6/8/1P5P/P4PPK/8 b - - 0 27,399
WiRjb,r2r2k1/5pp1/N1b5/4P3/7p/R1P4Q/5PPP/R2q2K1 w - - 1 31,399
UsFhy,Q1r3k1/5ppp/4p3/4P3/5PP1/R5K1/7P/8 b - - 0 40,399
QlrAM,r5k1/p2RQp1p/6p1/8/8/8/P4PPP/2r3K1 w - - 0 26,399
fJVTW,8/4kppp/2r1p3/1R6/pP6/4P3/5PPP/6K1 w - - 0 35,399
xyDrY,2r1r1k1/pb2Pp1p/1p1pp1p1/6N1/P2P4/6QP/1P3PPB/R1q3K1 w - - 4 23,399
XZpeu,rnbqkb1r/pppnp2p/3p2Q1/P3p3/2P5/3B4/1P1P1PPP/RNB1K1NR b KQkq - 0 9,399
WaAdX,rn4rk/pbp1b2p/1p1pPp1p/3P3q/8/2PQ1N2/PPB3PP/RN3RK1 b - - 4 15,399
8mBhF,5Qqk/p6p/2pppP2/1p5p/3P1P2/8/PPP2P2/1K6 w - - 2 28,399
TkgNq,4rbk1/2pb1pp1/p2p1q1p/1p1P4/2nP4/P2Q2BP/1PB2PP1/1R2N1K1 b - - 2 20,399
paL0X,r5k1/2p2ppp/3p1q2/p1p5/Q4P2/2P2N2/P1P3PP/4BK2 b - - 0 18,399
oBD8Q,r4Q1k/p1p3pp/3pn1q1/1p6/4P3/2PP4/PP3RPP/5RK1 b - - 3 27,399
jyyxk,2rq1rk1/pb1nbppp/1pn1p3/3pP3/3P1PP1/P2Q1N2/1P2N2P/RBB2RK1 b - - 2 15,399
VxFhg,1k6/ppp2pp1/2p2n2/8/2P5/3QPP2/PPKB1q1r/2R5 b - - 5 26,399
SIkAV,5bk1/1p3ppp/p2p4/P2Pr3/1P6/5NQ1/5PPP/2B1q1K1 w - - 1 34,399
4nrdN,krR5/P7/KP6/8/8/8/8/8 b - - 4 86,399
xtRvF,1k1r4/ppp2Rp1/7p/8/8/1Pr5/P2B3P/RK6 b - - 0 30,399
Y3uvQ,4R3/ppr4R/2ppk1p1/5bP1/3K1P2/3n4/P7/8 b - - 5 34,399
urCZl,r4rk1/1b3ppp/p3p3/1p1qP1b1/1PpP4/P7/5PPP/RNBQR1K1 w - - 0 18,399
JhRqe,2Q4k/q5pp/p7/4pb2/3p4/N4P2/PP2B1PP/2R3K1 b - - 0 27,399
arOcU,2r3k1/ppq2ppp/8/3P1p2/5P2/1Q2P3/P2nBP1P/1K1R4 w - - 7 27,399
ikCnt,8/2R3k1/3K2p1/3B4/5P2/3r4/8/7q b - - 4 59,399
aWOHu,r2qkbnr/p1pppp1p/bpn3p1/8/4P3/1B3Q2/PPPP1PPP/RNB1K1NR b KQkq - 1 5,399
z4muW,2r3k1/4p2p/p4pp1/1p6/3P4/4P2P/2R1nPPB/6K1 w - - 4 30,399
t80ov,r1bq2Qk/ppppr2p/7p/4P3/2B3R1/2N4P/PPn2PP1/R5K1 b - - 5 18,399
vbBDc,r2r2k1/pp2b3/2p3p1/2R5/8/8/P4PPP/4R1K1 w - - 0 34,399
CkQ8E,2kr3r/pbp2pb1/1p2q2p/4P1p1/1P1P4/P4N2/2Q2PPP/2R2RK1 b - - 2 18,399
psER9,r3r1k1/1p4p1/p2qp3/3p4/4p1Q1/P5RP/1PP2P1K/4R3 b - - 1 27,399
rknGz,5rk1/1pr1n1pp/p1nqNp2/3pp3/2pP2QN/P3P2P/1PP2PP1/R4RK1 b - - 1 18,399
90K15,1rb1r1kb/p1q1pp1p/2pp1npB/8/2B1PQ2/2N4P/PPP2PP1/1R3RK1 b - - 2 14,399
jK0Uz,r2Q2k1/5ppp/p1p5/1p2q3/4P3/1P6/1P4PP/3R2K1 b - - 0 28,399
Bw9h5,7k/6pp/1p2p3/pP1p2P1/3Pn3/5r1P/2R5/5NK1 b - - 1 46,399
uY1vc,r1bqk2r/1pp2pp1/p1nbp2p/8/3PQ3/3B1N2/PPP2PPP/R1B2RK1 b kq - 0 10,399
6MRAE,5k2/6p1/5pB1/K7/P5p1/2r5/1r6/4R3 b - - 7 52,399
sz8Qs,2r2rk1/p2q2pp/1p2R3/1P1p4/3Q4/6P1/PB3P1P/6K1 b - - 0 26,399
t5Cx9,3rqbk1/1R3bp1/3p3p/2p2N2/5B2/2P2Q2/5PPP/6K1 w - - 4 37,399
rxHUB,2rr2k1/1bq1bppp/pp1ppn2/8/N1PQP3/1P4P1/PB3PBP/2R2RK1 b - - 4 18,399
jslvC,4r2k/3n3p/p1pR4/1p6/2p5/8/PPP2PP1/1K6 w - - 0 27,399
hbjX8,6k1/p4ppp/8/Q2N4/8/4PqP1/P4R1P/2r3K1 w - - 1 26,399
gADv4,1k2Q2r/pppr2bp/2q3p1/5pB1/8/2NP3P/PPP2PP1/R3R1K1 b - - 0 19,399
YccQr,3k3r/1p1r1ppp/B1Q1p3/5b2/5B2/P4N2/5PPP/6K1 w - - 1 20,399
SoSbw,2k1rr2/pp4pp/2p5/2N5/2B4Q/P2P2Pb/1PP4P/6qK w - - 0 25,399
jtEJf,2r3k1/5ppp/p2p4/1p1q1Pb1/6P1/2P4P/PP2R2K/5Q2 b - - 1 28,399
Qu0PF,2r3k1/3bpp1p/p2p2p1/1p6/4P3/1R3P2/P2Q2PP/2q4K w - - 0 26,399
yXoUt,7k/8/5pK1/3b1P2/p5P1/4R2P/3r4/8 b - - 3 54,399
IW0VB,8/p7/2pp1r2/6pk/4r3/8/P5PP/5Q1K w - - 0 32,399
3jJ5R,4r2k/6p1/7p/8/8/8/3R2PP/Q3q2K w - - 1 40,399
yVP1H,5rk1/Q5pp/2p5/1pPn4/3P4/1P4Pb/P3q2P/4R1K1 w - - 0 32,399
KnIT3,3r4/5p1k/p4Ppp/1pp4P/4PQ2/8/PP6/K2q1R2 w - - 3 36,399
MusIg,2k5/1ppb3p/2P5/p2R4/2KBPR2/7r/6r1/8 b - - 2 38,399
FwvbK,4rrk1/pp2q1pp/5p2/8/2bB2N1/6Q1/PP3PPP/R4RK1 w - - 2 23,399
nMHXk,2rQ1k1r/pp2npp1/4p2p/4P2P/Pq3PP1/1P3NB1/4K3/3R4 b - - 0 26,399
cLeTb,r1bqk2r/2Bnbppp/p1p5/3p4/3p4/5N2/PPP1QPPP/RN2R1K1 b kq - 1 12,399
V3OcI,r3r3/pp2qkpp/2p2n2/3P4/1BP3PP/N4P2/PP2b3/R2Q1KR1 w - - 0 17,399
jwwRH,6k1/6p1/4p1Kp/4Pp2/2R2P1B/5b1r/7P/8 b - - 5 48,399
9OZe1,4r1k1/ppp2pb1/2p5/6p1/8/2N2Q2/PP3PPP/3Rq1K1 w - - 1 20,399
791FW,r2q2k1/p1R2p1p/2Q1p1p1/5n2/1P1N4/4P3/P4PPP/6K1 w - - 4 29,399
l4VGf,r1br2k1/p4ppp/4p3/8/4Q3/2N3P1/PPP1P2P/1K1q1B1R w - - 3 19,399
LBvqm,1r3k2/1P3p1p/4pKp1/6P1/2R2P2/8/8/8 b - - 10 53,399
ZvH7J,r4rk1/ppp2ppb/4p1qp/3pP3/5PP1/2P1P1P1/PP1QB3/2KR3R w - - 1 18,399
wWlrq,1r6/1bkpQ3/p1q3p1/1pp1P1B1/8/3P4/PPP3PP/R4RK1 w - - 1 20,399
WoWWg,4r1k1/p1p2Rpp/8/4Q3/3pr3/1P5P/P1P3P1/5RK1 b - - 0 23,399
r4Vtk,rn4k1/pppq1ppp/8/2Q5/4r1b1/2PP4/PP3PPP/R1B1K1NR w KQ - 0 13,399
APi0K,5rk1/p1p3pp/1p2qn2/3r2B1/8/N7/PQ3PPP/4R1K1 w - - 0 23,399
aDywx,2r5/1p3k2/1p5p/3pp1p1/8/P2RP3/1P3PPP/6K1 w - - 0 27,399
EpI4p,2rqr1k1/1p1bbN2/p1n1pnpB/3p3p/3P3P/2NQP3/PP3PP1/1BR1K2R b K - 0 15,399
b0yyd,rn1qr1kb/3bpp1p/p2p2pB/3B4/1p2PQ2/3P1N1P/1PP2PP1/R3K2R b KQ - 0 15,399
ToeYW,r2qk2r/ppp1bppp/4p3/4P3/3nQB2/3B1P2/PPP2P1P/R4RK1 b kq - 0 12,399
lXej6,4r1k1/p6p/2p3p1/P2p1p2/1PpP4/2P2P2/6PP/2R1q2K w - - 0 29,399
bgLPv,5r1k/pp4pp/2p5/3p1Q2/1P1P4/P3R2P/6P1/6K1 b - - 0 35,399
SdTFE,6k1/ppp2ppp/1n1p2q1/3P4/2P2P2/1P1B3P/PB4P1/4Q1K1 b - - 0 25,399
LaQth,2r1k1R1/4Pr1p/3K4/8/8/8/7P/8 b - - 2 45,399
BQB8m,r4rk1/1p3ppp/4b3/8/1PP1p3/pKQp4/4q3/B7 b - - 1 37,399
ulVYZ,3r2k1/5pp1/7p/5N2/4P3/1P6/5PPP/Q2q2K1 w - - 3 29,399
fqeBn,4r3/p5Rp/N1p3p1/5k2/8/1P3P2/PB4PP/3n2K1 w - - 1 27,399
8zvI6,1Q4k1/q4ppp/2r1p3/8/2nP4/4P3/5PPP/1R4K1 b - - 1 25,399
GENfz,3rk2r/ppp1ppbp/2B3p1/4q3/2P5/P2Q3P/1P2PP1P/3R1K1R b k - 0 15,399
9dRts,5k2/1p3p1Q/5rp1/p2Rp3/2P1P3/1P6/P5PP/7K w - - 0 29,399
A55Nr,2kr3r/ppp3pp/2n2n2/2P3B1/8/5b2/PPP4P/RNK2B1R w - - 0 13,399
1Osc5,6k1/ppp1Bpbp/6p1/4p1Q1/qP5N/2P5/P4PPP/5rK1 w - - 0 24,399
COU10,3rR1k1/p2Q1ppp/1q6/2p3B1/3p4/3P4/PPP2PPP/6K1 b - - 2 21,399
2kR4W,k1Rr4/pp1q2bp/6p1/1b6/8/1P1p1N2/P1Q2PPP/2R3K1 b - - 1 26,399
eTJbZ,3r1Q1k/1p4pp/p2pB2q/3Pp3/2P5/1P6/P5K1/5R2 b - - 1 35,399
1Xk89,2r1R2k/5Qpp/8/8/8/1P2P1PK/1q5P/8 b - - 10 38,399
zAUkB,3rQ1k1/p4p1p/2p2Pp1/8/8/2N4P/PPP2q2/2K1R3 b - - 1 22,399
aqpEH,6k1/pp3ppp/2n2b2/8/8/2P1RN2/P3K1PP/3r4 b - - 3 25,399
F8JBB,3R4/4r3/8/ppR3p1/kb4Q1/5P1p/2P2P1P/5K2 w - - 3 39,399
YXojK,r3k3/ppp2pQ1/4q2r/3p2p1/8/5B2/PP3PPP/RN3RK1 w q - 1 16,399
cqIUF,4r1k1/1Qp2p1p/4r1p1/1p6/1P6/P7/5PPP/R1q3K1 w - - 0 28,399
lyjCr,4r2k/pp6/3p2b1/6Q1/8/3p2pP/PP4P1/6K1 w - - 0 33,399
V2o5Q,2Q2b1k/5q1p/6p1/8/3PP3/2P5/6PP/1R5K w - - 1 35,399
ZRoVe,6k1/1b4bp/p5p1/q4pN1/3p3Q/1P6/P4PPP/1B1Rr1K1 w - - 2 32,399
ozVSw,R5k1/5p2/4pBp1/3rP2p/1p6/7P/p1r3PK/8 b - - 1 54,399
y7r7u,r4rk1/2qn1ppp/p1bbp3/2p3N1/2P5/PP2B2P/2Q1BPP1/R4RK1 b - - 4 16,399
2yxKI,5rk1/5pp1/5r1p/P1R5/1P6/8/3Q2PP/R4q1K w - - 1 36,399
dPUXY,2r1r1k1/2q2p1p/5np1/p4NPP/8/1P2P3/1QPP1P2/2KR3R w - - 0 26,399
V6TET,rn2k2r/pp4pp/2pN2n1/6pB/1b5P/8/PPP2PP1/2KRR3 b kq - 1 17,399
Nhowp,r1b3k1/pp1n1ppp/4p3/8/2P1P3/1B3N2/P4PPP/3R2K1 b - - 2 18,399
tCwJd,8/pp4kp/5bp1/8/6Q1/2q5/P1P3PP/3Rr2K w - - 6 31,399
wOotp,7k/3n1rpp/1p1R2p1/1Pp1P3/6P1/r6P/2R3K1/8 b - - 0 43,399
zB43C,r3k2r/1b2b2p/2qpp1pQ/p1p1PpN1/1p3P2/3Pn3/PPPBN1PP/R4RK1 w kq - 4 17,399
16Dru,k1Q3r1/pp6/q7/8/3P4/P2bP2P/1P3PP1/1RR4K b - - 8 32,399
MzevR,2r3k1/1p3ppp/p7/5p2/P2R4/5NP1/1PqR2K1/8 b - - 6 38,399
bxd6z,bn2kbnr/4pppp/2q5/1Np5/1p6/1B6/1PPPNPPP/2BQ1RK1 w k - 2 13,399
NkNsA,3r1k2/p2r3p/1p2pp2/8/2b1PB1P/7R/3N1PP1/3QKq2 w - - 1 29,399
XGCdL,6k1/6pp/1p1Q4/6qb/4p3/2B5/PPP3RP/5r1K w - - 1 30,399
cZCzd,3r2k1/pp3pp1/7p/8/4n3/2P5/P1P2PPP/4R1K1 w - - 0 20,399
bRndW,6k1/6bp/pp2p1p1/3p1B2/1P1P4/PN2PQ2/6PP/4q2K w - - 1 30,399
UjN9v,r1b1k1nr/ppB2p2/2p1p2p/6p1/2B5/2q1P3/P4PPP/R2Q1RK1 b kq - 1 15,399
FP0YZ,8/1pp2kr1/p1np1b1R/4p3/8/PPN1P3/1BPP4/2K5 w - - 8 34,399
Hi1Lt,rnb1r1k1/p3qppp/2p5/1p1n4/3Q4/2N2N2/PP2BPPP/R1B1K2R w KQ - 2 13,399
QghNw,1r3Q1k/6pp/prP5/4q3/B7/P6P/6P1/5R1K b - - 2 30,399
A96CZ,1k1r4/ppp2p1p/6p1/8/8/1P5B/PP3r2/2K1R3 b - - 3 30,399
Lcn9G,5r1k/p5p1/8/1pp4B/8/P2P4/1PP3NP/4Rr1K w - - 1 27,399
K74vf,6k1/p1r3pp/3Nn3/8/2P5/4RP1P/r5P1/6K1 b - - 3 36,399
f1kkl,3rQ1k1/5ppp/5q2/pp6/4Q3/2P5/PP5P/1K6 b - - 0 34,399
34Kdj,3qQk2/r2n1rpp/ppBp1b2/2nP4/7B/5P2/PPP1R2P/2K1R3 b - - 1 25,399
OFJAf,1k1r3r/1p2n1p1/p3Q3/2p1N1P1/P1P5/8/1P4Pp/R2q3K w - - 4 25,399
2a7bB,2kR3r/pp3qpp/b4nn1/Q7/8/4B3/PPP3PP/1K1R4 b - - 2 24,399
sg2Yb,1k3Q1r/ppp5/1b1p4/4n3/4P3/2N3q1/PP4PP/R1B2R1K b - - 1 22,399
SnKkF,4r1k1/pp2qpp1/2p4p/3p3P/3P4/P2Q4/1PP5/R2KrR2 w - - 3 25,399
2keBb,1Q6/5kpp/1p2pb2/8/1Pr5/5pB1/5P1P/5qK1 w - - 0 34,399
IzOv5,k7/pp6/8/3R1p1p/5P2/8/PPr2P2/6K1 b - - 0 32,399
HJXVy,4kb2/pp3p2/4p1p1/1P2P2Q/8/P7/6PP/2rRq2K w - - 6 30,399
PI35i,3Q1r1k/p3Nppp/b7/8/8/2P5/P1q2PPP/3R2K1 b - - 4 28,399
3TTpZ,b3r2k/p4pp1/2p5/8/2P5/R2Q4/3B2PP/4q2K w - - 1 31,399
4nJEx,5r2/1kp2r2/1p2p1R1/p2pR1p1/3P4/2P3P1/P1P3PP/6K1 w - - 3 27,399
V0B20,3r2k1/pp3pp1/2p4p/2P1P3/8/P3B3/5PPP/2Rr2K1 w - - 1 24,399
xiq9Z,4rrk1/3Q3p/1p3p2/8/2PN4/3P2pP/P5P1/6qK w - - 0 30,399
WCd0o,2k4R/1pp1K3/3r1P2/p2b4/8/8/8/8 b - - 1 38,399
b1Ccr,5rk1/4qp1p/6p1/Rp1P4/8/3r4/5PPP/4R1K1 w - - 0 30,399
usJfF,r5k1/5ppp/1q1p4/p2Pp3/Qp2P2b/3P2P1/4BP1P/R5K1 b - - 0 25,399
rxaEh,5rk1/pp4p1/6B1/3pQ3/3q3P/8/PP3RP1/5RK1 b - - 0 28,399
5p6Km,3r4/p2r1ppk/1p2qR1p/4b2Q/2P3R1/7P/P5P1/2B4K w - - 0 32,399
YHeex,2qQ2k1/p4ppp/8/8/1P5P/P5P1/4PP2/3R2K1 b - - 1 26,399
YiYtx,3r4/p2qkppp/4p3/2n5/8/2R1PPB1/P4P1P/4KB1R w K - 1 18,399
Vf790,6rk/p2bq2R/2p1p3/2pp2N1/2P4Q/1P1P4/6KP/4R3 b - - 0 26,399
HJLzr,r1b1kbnr/pppp1pp1/7p/4q2P/2B4B/4PQ2/2PN1PP1/1R2K2R b Kkq - 1 13,399
qWtW2,6k1/p4ppp/2r1pq2/1p1Q1b2/3P4/P1B5/1P3PPP/2R1R1K1 b - - 0 19,399
rCK8E,rnb1r2k/ppp1q1pp/3p1p2/3n4/2QP3B/2P2N2/P1P1BPPP/R3K2R w KQ - 4 14,399
k9qwP,1r2r1kB/ppq4p/6p1/3b4/8/8/PQ3PPP/2R3K1 w - - 0 23,399
eaNc2,2kr3r/R7/1p2p1Bp/8/3N4/8/PP3PPP/2n2K2 w - - 1 29,399
vjEoB,r3kb1r/pn1p1ppp/1p2pq2/8/2P5/4BN2/PP1Q1P2/2KR3R b kq - 1 18,399
QvDS3,8/6k1/3q4/8/R1B5/1P6/4RpP1/5K2 w - - 0 52,399
WI61f,6k1/p4ppp/1p2p3/8/3r4/P1R4P/5PP1/6K1 b - - 1 28,399
iEeWH,4rQ1k/pp4pp/8/8/4n2q/2P1P3/1P4PP/R4RK1 b - - 2 23,399
aW8zk,r1b2rk1/pp3ppp/2p5/3pP3/3P3q/3Q3P/PPB2PP1/2R2RK1 b - - 1 19,399
E0FiI,2QR2k1/p4ppp/4p3/q7/Pr6/4PN2/5PPP/6K1 b - - 0 29,399
F8IBq,8/6k1/p6p/3r2p1/8/1P3P2/1b4PP/1R5K w - - 0 33,399
PR5GD,r1bq1rk1/1p2bppp/p2p1n2/3N4/2PQ4/PP2P3/1B3PPP/RN3RK1 b - - 4 15,399
xorBF,1k5Q/ppp2p2/6n1/4p3/4P2P/6PB/PPq2P1K/3R4 b - - 0 26,399
B5JYn,3r2k1/1pp1Rppp/p7/6P1/6P1/2P5/PP6/K2r3R w - - 3 30,399
JFPYQ,1k2r3/ppp4p/1b4p1/5p2/5P1P/2P2K2/PPB2P2/3R4 b - - 0 23,399
ADaeG,3q2k1/p1Q2ppp/8/8/8/2P5/PP3PPP/4R1K1 b - - 0 22,399
svtxb,3r1Q2/pprk4/3R2p1/4P3/8/2P4P/qP4P1/7K b - - 3 32,399
PJREE,r1b2rk1/ppq1bppp/2p2n2/3p4/3Q4/1P2PN2/PBP1BPPP/R4RK1 b - - 2 12,399
iZbIk,r5k1/4nppp/R1p5/1p2P3/3R1P2/1P4PP/6K1/8 b - - 0 31,399
LEoLJ,r3r2k/ppp4p/2n4Q/3p1p2/3p4/5P2/PPPN1P1P/R1K1q2R w - - 6 19,399
b936e,3k4/8/3P4/1PP1rn2/1P6/6p1/B2R2P1/6K1 w - - 0 43,399
d9iKs,3q1Q1k/6p1/p1n1p1P1/1p1pP3/3P3P/P7/1P3RK1/2r5 b - - 8 35,399
O1DBx,8/5k2/6RK/5P2/3r2P1/8/8/8 w - - 5 49,399
Bdyd1,5r1k/p5pp/2n5/8/8/1B6/PP1q2PP/3R3K w - - 0 22,399
M3uJW,1r3Q1k/p5pp/2n4q/8/1r6/8/PP4PP/1K3RNR b - - 6 21,399
MdTHR,4r1k1/5ppp/1pp5/8/7q/8/4R2P/R6K b - - 0 36,399
ceY2b,3r2k1/p4p1p/2Q1p1p1/8/P7/6P1/6PP/1R1q3K w - - 1 36,399
JUjQz,3Q2k1/p4ppp/8/6q1/8/7b/P4PP1/3R2K1 b - - 0 25,399
qR18f,2k5/ppp5/4RNp1/8/2n3P1/5b2/P5rP/5K2 b - - 3 35,399
qAAPv,4r1k1/4rp1p/6p1/3R4/8/7P/3n1PPB/3R2K1 w - - 3 36,399
oY7c5,4r2k/ppp3pp/2p5/8/P3Q3/6bP/1PP3P1/3R1B1K b - - 0 24,399
wBSXA,2b3k1/r4ppp/p2r4/1p1P4/2p5/b7/B1P3PP/3RR1K1 b - - 1 25,399
6zS5I,rn1q1rk1/pp3ppp/8/4p3/2B1Q1b1/P1n2N2/5PPP/R1B1K2R w KQ - 0 13,399
SblC2,3r3k/5ppp/8/3N4/8/6Pb/R4P1P/6K1 w - - 5 36,399
zMasm,r3r1k1/pppq1p2/1b1p3p/4p1p1/1P2P3/2PP2Pb/1P1N2P1/RN2QR1K w - - 0 18,399
37cYg,8/4k3/2R1P1N1/1p1p1np1/8/2P4P/2r5/7K b - - 1 43,399
PuOyZ,4R3/5p1k/5P2/2p3pp/1r4n1/2KB4/2P5/8 b - - 4 37,399
Plvk1,6rk/p1p2r1p/3p2qb/2pRn3/2P1Np1Q/1P3P1P/P5P1/2B2RK1 w - - 9 28,399
825Mr,5q1k/pp4pp/8/8/1P4Q1/P6P/7P/7K w - - 0 30,399
Mo7dk,7k/p5p1/7p/6r1/1B6/1P6/r7/1B2R2K b - - 1 41,399
qbPZc,2k1r3/1bpp4/1p6/pP5p/P1P3p1/4Q1P1/7P/5RK1 b - - 0 31,399
PWZ2G,4r2k/p1p2Rp1/1p1p3p/2nP4/8/4Q3/P1B3PP/6K1 b - - 0 28,399
kLYXK,2r5/pp1k1r2/3b4/2pQ4/3P4/2PB4/P5PP/RN3q1K w - - 2 23,399
76vaq,r3k1r1/p1p1np2/2p4p/8/3QPq2/8/PPPR1PPP/2K4R b q - 2 15,399
ZQrTp,2rr2k1/q4pp1/6p1/2PP4/pp1Q2P1/5P1P/1B4K1/2R5 b - - 1 30,399
0vz3z,8/1p5p/p3qk2/8/1PP2p2/P2Q4/6PP/6K1 w - - 0 36,399
JBEiA,r2q1rk1/2pnbppp/2b1pn2/p3P3/1p1P4/3Q1N2/PPB2PPP/RNB1R1K1 b - - 0 14,399
VylWB,1k3r2/pPp5/8/PP6/4p2p/6pB/6P1/b1Q2q1K w - - 0 39,399
DaQOY,rn1q1rk1/pb2bppp/1p2p3/2p3B1/2NP4/2nQP3/PPB2PPP/R4RK1 b - - 1 12,399
FQc8K,1r3Q1k/pp4pp/2p5/2Pp2q1/3Pp3/8/PP4PP/5RK1 b - - 7 23,399
s9tDe,3r1k2/1p3rp1/p1p1R2p/4Rp2/5P1K/P6P/1P4P1/8 b - - 7 32,399
NFead,5rk1/4Q1pp/p6b/8/8/2P5/1P4PP/4Rq1K w - - 2 28,399
xyp4a,3r3k/1R4pp/p7/3B4/P1p2P2/2P4P/8/7K b - - 0 31,399
BklMy,7k/3R3p/p1r2n1N/1p2p3/1b6/1P6/1PP4P/1K4R1 b - - 4 40,399
T062z,r1bqkb1r/p3ppnp/2pp2p1/4P3/2B3P1/2N2Q2/PPP2P1P/R1B1K2R b KQkq - 2 10,399
PlhUY,6r1/7k/p5q1/P7/1p1P1P2/4P2P/2Q3P1/5NK1 w - - 1 61,399
mGgEE,6k1/5p1p/6pP/ppR5/5P2/5K2/1r6/8 b - - 1 44,399
F88Tr,3r2k1/p4p2/8/1Q4p1/P4nP1/2P2B2/1P3P2/3q1K2 w - - 5 34,399
5jgpj,8/8/3R4/8/8/2kp3P/r2p1PP1/3K4 w - - 2 48,399
qcaoi,4r1k1/2r2NPb/p4Q2/3p4/P2p4/4q2P/5RPK/8 b - - 0 32,399
KBIjn,4r1kr/1b3ppp/p7/1p6/5B2/P4P2/1P4PP/3R2K1 b - - 0 31,399
s5WFH,5r1k/4q2p/2nR4/p4p2/1p3Q2/1B4P1/PPP3P1/2K5 w - - 1 28,399
8DKYi,r1bQ1rk1/pp2nppp/8/8/B7/8/PPP2PPP/2KR3R b - - 0 15,399
6LHtM,5k2/5pp1/p4P1p/1p2p3/4P1K1/4r3/8/3R4 b - - 0 39,399
HuJvo,7k/2Rn1rp1/p2rp1B1/1p6/8/P7/1P3PPP/6K1 w - - 0 31,399
p0Vxh,r1b1r1k1/pp3ppp/5n2/1p2P3/1P6/8/P1P2PPP/R1B1R1K1 w - - 0 15,399
f0iad,r2q1rk1/pp2bppp/2b1pn2/2pp4/5P2/1P2PNQ1/PBPP2PP/RN3RK1 b - - 5 10,399
NieRQ,1k5r/ppprb1pp/3q4/4p3/8/4B2Q/PPP2PPP/R4RK1 w - - 6 16,399
csblw,r1b3k1/3p2pp/2pBr3/pp2P3/8/5R2/P4PPP/4R1K1 b - - 1 25,399
pUy68,r4rk1/pb2nppp/1p2p3/b2qN3/3P4/1QP1B3/P3BPPP/3R1RK1 w - - 6 16,399
dWc7B,1rb3k1/1p3Rpp/p1np4/4p3/P1B5/8/1PP3PP/2K4n b - - 0 20,399
FyiiM,2r3k1/pp3ppp/4p3/8/2R1B1Pn/3R4/P4P1P/6K1 b - - 0 26,399
zFwU2,r1R3k1/p4ppp/3r4/P7/5P1P/1P1n2P1/5PK1/2R5 b - - 6 44,399
XwmzQ,2k5/1pp5/p3P3/5p2/4P3/1P2r3/r7/3K2R1 b - - 0 42,399
jXthi,r2qkb1r/1p3ppp/p1n1p3/1B1pP3/3P4/5Q2/PPPB2PP/R4RK1 b kq - 1 12,399
UTx5T,4r1k1/p5p1/1p5p/6n1/8/3q1PN1/1P4PP/3R3K w - - 0 36,399
hXYmY,8/R3R3/1ppr3p/8/P1k5/2P5/5PPP/6K1 w - - 3 31,399
0wrIt,2r3k1/5pp1/1p2p2p/1Q6/q7/8/5PPP/6K1 w - - 0 30,399
3VXLX,r1b3k1/ppp2rpp/8/3pP3/8/2Q5/P5PP/R1B1Rq1K w - - 2 18,399
Yzwbd,2k5/1pp3pr/p1p2pb1/4nN2/4P2p/P3P3/1PPR2P1/1K1R4 b - - 5 24,399
bSeK3,5k2/1pp5/5p2/3P1r2/2P1q3/1N5p/4Q2P/7K w - - 0 37,399
i52qN,6k1/2p2ppp/p2n4/1p1Pr3/8/P1P4Q/5PPP/R3q1K1 w - - 9 28,399
I2XH2,6k1/pBq2p1p/3rb1p1/8/8/P3Q3/5PPP/2R3K1 w - - 2 26,399
VUoLF,1R6/p4ppk/2p3p1/3p4/3P4/2P5/P3rPPP/6K1 w - - 2 25,399
46xLg,r2qnrk1/p1pbbppp/2n1p3/8/3P4/3QPN2/NP3PPP/RBB1K2R b KQ - 11 14,399
hKorz,1r4k1/1P3ppp/8/p7/7P/P3PKP1/2R5/3r4 b - - 0 39,399
iPrNW,4q1rk/1pp3p1/p6p/2Nb1P1Q/3P3R/8/PPP4P/2K5 w - - 1 33,399
wibV8,5k2/5P2/5KP1/p7/Pp6/1P6/7p/8 b - - 0 56,399
rxZMH,6k1/1b2nppp/4p3/2p5/2PP4/5NP1/1R3P1P/r4BK1 b - - 2 25,399
nOm6Y,r5k1/1r3ppp/2p5/5P2/2PPR1P1/3K3P/N7/8 b - - 0 38,399
V4FuF,r1R3k1/p4ppp/1p2p3/3p4/3rP3/5P2/P5PP/2R1B1K1 b - - 1 32,399
oZcnq,3r1rk1/pp3pbp/2p1p3/8/8/7P/P1Pq1PQ1/6RK b - - 5 27,399
HUy75,rn1qkbnr/2pppppp/p7/2P4Q/1pBPb3/8/PP3PPP/RNB1K1NR b KQkq - 1 6,399
olAUX,Q7/3r4/p5p1/6bp/8/1B4k1/P7/3r3K w - - 2 41,399
L49UM,1nr3k1/5ppp/1p2p3/1Q2P3/1p1P1Pq1/5R2/3N1K2/B7 b - - 3 27,399
piy3y,5r1k/4Q1pp/7B/p2p4/8/8/Pb4PP/R4q1K w - - 2 24,399
vJisR,6k1/1p4pp/p7/2pP2b1/4p1q1/5P2/PP4P1/R3Q1K1 b - - 0 28,399
EkVtX,1k6/ppbr2pp/2p1pp2/2P5/P7/4B2P/Q4PP1/2Rq2K1 w - - 6 30,399
slbnb,2rQ1k1r/p3nppp/bp2p3/4P3/1q6/1PN5/PBP3PP/2KR3R b - - 2 20,399
uEzN2,3r1rk1/1qp2pp1/7p/p2P4/1p6/3Q3P/P1BR1PP1/6K1 b - - 3 26,399
4MdIJ,4r2k/1b5p/p1n5/1p3Q2/8/2P2P2/PP4PP/3Rq2K w - - 3 32,399
ujbRL,2r5/2r3pp/p7/1p5k/8/4N3/PP1RR2P/3K4 w - - 3 40,399
OWiiG,6k1/1ppr2p1/p4p2/5P1p/4qn2/P5Q1/KP5P/3N2R1 b - - 0 36,399
e6WYD,2r3k1/1B3pp1/7p/8/8/8/5PPP/R1q3K1 w - - 0 39,399
t4J44,3r1rk1/p4p2/1p3Q1p/2p1B1p1/8/P3PN2/5PPP/R2q2K1 w - - 10 27,399
9pGQC,5r1k/6pp/2pp4/7P/8/3p4/5P2/4R2K b - - 0 39,399
83rAm,3r1R1k/2rp3p/6p1/p1p1P1q1/1pBnP3/1P1R2P1/P1P4P/1K3Q2 b - - 2 35,399
jwgIb,r4r1k/pp5p/4q3/4P3/4Qpp1/4b3/PP2N1PP/1B2R2K b - - 1 27,399
3Ca9e,4r1k1/Bp3p1p/3p4/3P1p2/P7/2b5/5PPP/1R3K2 w - - 2 26,399
erJbf,6k1/pp1r1ppp/4b3/2R5/5P2/4nKP1/P3B3/8 b - - 2 43,399
aQrHA,r2qr1k1/1p3p2/p3pn1p/3n4/P2P2RP/B2Q4/1PB2PP1/R5K1 b - - 0 26,399
Mfy8O,1r4k1/3b1p1p/4p1p1/p3q3/2B5/P2P4/2P2PPP/4R1K1 w - - 0 25,399
DDBpL,rnbk2nr/pppp1p1p/7b/4Q3/2q1P3/2N5/PPPP2PP/R1B2R1K w - - 3 11,399
SsT9M,3r3k/6p1/7p/2P5/1P6/P4P2/4q1PP/4R2K w - - 0 37,399
Scnvn,1k3r2/ppp5/8/5B1p/8/1PP1R2P/P3b3/6K1 b - - 4 37,399
D4jl6,3rQ1k1/1b3ppp/p6q/5P2/2pN4/2P5/PP4PP/4R1K1 b - - 4 28,399
lOWv7,8/4Rpkp/2Bp2p1/3bb3/1r2P3/5P1P/6P1/7K w - - 1 48,399
Kk7CT,4q1k1/6pp/p1pb4/1p1n1p2/4N1b1/1BPP4/PP3PPP/R1B3K1 w - - 0 20,399
rkf1Q,r3r1k1/1b1p1ppp/p6B/1p6/6Q1/1B6/PP3PPP/3Rq1K1 w - - 2 21,399
RxaQS,1r4k1/p4p1p/b2R1pp1/8/P1p1P3/5P2/r1P3PP/R6K w - - 0 23,399
I9iqn,6k1/pp6/5pK1/7p/8/2PR2P1/7r/8 b - - 1 43,399
DcPnA,2r2r1k/6p1/1p1PQ2p/p3pp2/P7/7P/RP4P1/K1q4R w - - 7 36,399
pzPQN,r3Q1k1/1b3pp1/p6B/1pp5/8/1Pq4P/P1B2PP1/R3R1K1 b - - 0 23,399
h9aW1,1n3k1r/r2np1b1/p6p/2N1PbpB/Pp6/6B1/1PP1NPPP/2KR3R b - - 0 19,399
JRxI2,8/p4K1k/1p6/3p2Qp/8/P4PP1/1q6/8 b - - 0 45,399
IBBJB,6k1/5ppp/8/4q2P/6P1/p4P1K/Pr6/3R1R2 b - - 5 40,399
UEU61,4r1k1/3R1ppp/p7/1p3P2/4Q3/7P/P5P1/7K b - - 0 28,399
bMNFT,r1bq1rk1/3n1ppp/4p3/pp1pPnP1/2pP2P1/P1P2N2/1PQ4P/RBB2RK1 b - - 0 18,399
2SQCr,1rbr1Q1k/3p2p1/p1n3Bp/8/1p6/2P5/PP6/1K3R2 b - - 1 28,399
4EBrQ,r1b2k2/pp1p1pp1/4p2p/2q1n3/8/3BP3/P1P2QPP/R4RK1 b - - 1 17,399
Cp74W,r1b1kb1r/p4ppp/1qQ1p3/6B1/8/8/PPP2PPP/2KR2NR b kq - 0 13,399
tcC9u,8/p2b1pk1/2pP2pp/2Ppr3/8/Q7/P4PPP/1R4K1 w - - 0 25,399
SVMDN,k7/5r2/1R6/KP6/8/8/8/8 w - - 7 64,399
yJSyM,6k1/6p1/5pP1/pp2pP2/2r1P3/3R4/2P5/6K1 b - - 7 46,399
Z7K1b,2r3k1/6pp/3R1p2/4P3/8/1P2P3/3q1PPP/6K1 w - - 0 30,399
pLu3E,2r2rk1/pp1b1pp1/1qn1pb1p/3p4/3P4/1PNQPN2/P4PPP/1BR2RK1 b - - 8 14,399
xszcH,r4rk1/1b2qpp1/2p1pB1p/1p1p4/p2P4/2PQP3/PPB2PPP/R3K2R b KQ - 0 18,399
MlOaL,k3Q3/pp1q4/3B4/6p1/8/1P5r/P1P4P/3RR2K b - - 2 32,399
eXizc,1N1r4/1p3kpp/1p3p2/4pb2/R1pP1B2/2P1P3/5PPP/6K1 w - - 0 29,399
idBbZ,r3Q2k/3p2pp/8/qp6/8/2P5/P4PPP/4RRK1 b - - 4 28,399
grjyD,rnb3k1/ppq2ppp/2pb1p2/8/3P1B2/8/PPP1QPPP/1K1R1B1R b - - 0 11,399
TgQMg,1k6/pp4pp/8/6r1/3pR3/3P3n/PP1N1r1P/5R1K w - - 0 25,399
WkZ1A,1Q6/2Bq1pkp/6p1/4p3/2r5/4P3/P4PPP/3R2K1 w - - 4 27,399
ajPrH,1r4k1/5ppp/8/8/8/8/p4PPP/R5K1 w - - 0 32,399
DOujH,rnbqkb1r/pp1np2p/2p1p1Q1/2Pp4/3P4/3B4/PP3PPP/RNB1K1NR b KQkq - 0 9,399
WFPwv,4rknr/pp3ppp/4N3/4P3/2pnPQ2/3q4/PP1P2PP/1RB2R1K b - - 0 16,399
oqmBe,3rQ1k1/2q2ppp/p2r1b2/2N5/1PR2P2/P5P1/5P1P/4R1K1 b - - 2 28,399
RCrFP,r3k2r/1ppbqp2/1p1p4/1P2p1p1/2P1P2p/3K1PP1/3N1B1P/R2R4 b kq - 0 26,399
uCvEj,3rr1k1/pb3pp1/7p/n2P1N2/1pp3Q1/8/PP1R1PPP/1N1Rq1K1 w - - 10 27,399
zMnWw,2r1k2r/1p2pp2/p2p2p1/7p/3q4/1P4R1/PP3P1P/K2Q4 w k - 0 23,399
Wq5F6,1rb2k1r/p3n1pp/1p1N4/2nB4/8/4R3/PP1N1PPP/R5K1 b - - 3 18,399
7yTGk,r2q1rk1/1b1n1pp1/4p2p/p2Pn2P/1pp1Q3/2P3B1/PPBN1PP1/R3K2R b KQ - 1 17,399
27tIn,3r1rk1/pbpq1ppp/1pn1p3/8/2PPQ3/3B1N2/P1P2PPP/R3R1K1 b - - 4 15,399
rQv9Y,r4k2/1p1Rppb1/1p4pp/2r1P3/2P5/5NPP/P3PPK1/2R5 b - - 1 26,399
2fmvg,5rk1/5rpp/2Q1p1p1/1p6/1P6/P3q3/5PPP/5RK1 w - - 0 35,399
HZtJG,2r3k1/5ppp/p1P1p3/P7/8/2P3P1/5P1P/1R4K1 b - - 0 26,399
vIm5N,3rr1k1/Bp4bp/1P4p1/P1n2p2/4p3/2P5/2RNRPPP/6K1 w - - 1 27,399
5ecu6,r1b2k1r/1p2nppp/p3p3/qB2Pn2/1B3P2/2N5/PP4PP/R2Q1RK1 b - - 1 18,399
k4NQN,2kr3r/p1p2p2/b1pq1p2/7p/4p2Q/1P2N3/P1PP1PPP/1R2K2R w K - 2 18,399
ho3I5,6k1/pp4p1/3R2P1/2p1N3/4P3/1P1K2P1/1b5r/8 b - - 0 39,399
E9hAn,2k1R2r/pp3rbp/6p1/2pp4/B2P1B2/2P5/P4PPP/4R1K1 b - - 3 27,399
LVPx8,2knr3/1bpp2pp/1p1b1p2/3P4/5P2/1BP5/PP2N1PP/RN5K w - - 0 23,399
nsiZ8,r4Q1k/pp4pp/8/2q5/3r2b1/6P1/PP2PRB1/5RK1 b - - 2 25,399
IAeOz,r3k2r/ppp1bppp/2q2n2/8/8/2P5/PP2QPPP/RNB1R1K1 b kq - 1 11,399
e2ANp,5rk1/1p4pp/p7/3B4/8/6Pb/P1P4P/5RK1 b - - 2 23,399
BXwL6,r1bk1QN1/pppp4/8/8/1b2P3/8/P5PP/qN3RK1 b - - 2 23,399
upN7V,4r1k1/1p3pp1/p6p/8/P2R4/8/1PQ2PPP/2R1q1K1 w - - 1 26,399
VVIn3,4r3/p1p3k1/1p1r1p1p/7b/5R2/1B6/PPP3PP/2K1R3 w - - 9 27,399
RaXPy,6k1/p5p1/1p1r4/4R1N1/1P5n/P1Bb4/1K2n3/6R1 b - - 2 39,399
lBwyr,4b3/1p2k2p/2p1pp2/2R1br2/PP2R2P/5B2/6P1/7K w - - 0 30,399
s1k3q,8/6p1/5p1k/5P1p/5K2/7R/8/6r1 b - - 9 54,399
B0SDj,6Q1/1bk5/p1qb1R2/2p1R1p1/2P3N1/3P3P/1P4P1/7K w - - 1 41,399
vzVwy,rn3k1r/1b3Npp/ppq2n2/2p5/P1B5/3P4/1PP2PPP/RN1QR1K1 w - - 3 14,399
h2WUy,5k2/1p3pp1/p2p2p1/Q1pq2P1/5P1P/PN3b2/KPP5/8 b - - 5 30,399
3k4Db,r4rk1/ppq2pp1/2nb3p/3p4/3P2b1/2PQBN2/P1B2PPP/R3R1K1 b - - 7 16,399
DqJKO,3R1k2/1bb2pp1/p6p/1p3N1P/8/4P3/2r5/3R1K2 b - - 5 33,399
Y3FCS,3r1k2/5ppp/5b2/1BpP4/4R3/1P4PP/5PK1/8 b - - 0 26,399
B3Hpj,7r/pp6/2bk1p2/3pp2r/6p1/2P2N1P/P1P2PP1/1R1R2K1 w - - 0 26,399
eLgnU,1rb1k2r/5pp1/pqppp2p/8/N3P2P/3B2P1/PbPQ1P2/2KR3R w k - 0 15,399
rg97K,r2q1rk1/3N1ppp/p1p5/3p4/2PQn3/8/PBP2PPP/R4RK1 b - - 0 15,399
5xMEk,1Q6/5ppk/2p2rp1/8/8/8/6PP/R4q1K w - - 1 36,399
6P4U1,6k1/p1r2ppp/4b3/1Rp5/1p6/5B2/PPP3PP/2K5 b - - 1 25,399
jtO7V,8/4kp1p/R5p1/1p1r4/8/8/1P3PPP/6K1 w - - 0 31,399
8C1pu,3nkb1r/1p2qppp/p4n2/8/2Q2B2/5P2/PPP1B1PP/2K3NR w k - 0 15,399
BDl9T,5rk1/5pp1/4pn1p/1p1p4/pq1P4/1P1QPP2/P1r1N1PP/2R3K1 w - - 0 24,399
DZDDB,rn1q1rk1/p1b2ppp/2p2n2/1p1p4/1P1P4/P1NQPP1P/2B2P2/R1B1R1K1 b - - 0 16,399
q4nqu,4r1k1/1p3bpp/8/pN1p4/P7/1P1N1Q2/5PPP/2q3K1 w - - 13 34,399
3uGD9,r2qk2r/5Bpp/p2p2b1/2p5/P2bP1P1/2N2Q2/1PP2R1P/R5K1 b kq - 0 18,399
CAxfF,2r3k1/pbQ2ppp/1p2p3/8/B7/8/Pq3PPP/3R2K1 b - - 1 25,399
pwwcS,2r3k1/5ppp/4p3/4b3/2R5/1P1N1KP1/1r2PP1P/4R3 b - - 6 29,399
lObii,4Qr1k/pp4pp/2p2p1q/3n4/3P2P1/P4NP1/1PP2P2/R3R1K1 b - - 0 23,399
LFEQM,7k/6pp/8/1p5b/4N3/2P1B3/PP2qP2/R1Kr2R1 w - - 10 42,399
VKwug,3r4/2pRn1k1/2n1Bp2/1p2pPpp/1P6/2B5/2P2PPP/6K1 w - - 6 22,399
sFqCb,7k/2p1b3/3p4/3Pp3/1PP1Brb1/5N2/2Q3PP/4q2K w - - 0 33,399
AOKzb,1k1Q1b1r/pp2p1pp/2n1B3/4p3/3P4/4q3/P4NPP/R1R3K1 b - - 0 21,399
k0ANs,1k1r4/pp5p/5p2/8/1Pp1p3/N7/P4PPP/2Rr2K1 w - - 6 28,399
IETVe,8/4r2k/1R4p1/3p4/3P1b2/1NP5/1P3PP1/6K1 w - - 1 33,399
TpJSo,8/r3Pk2/3K2p1/8/8/8/7p/5R2 b - - 1 62,399
tV8Jr,r5r1/5k2/2p1pnqQ/pp6/3P1R2/P1P2P1P/1P4P1/4R1K1 w - - 3 34,399
ruowm,r3Q1k1/p4ppp/1n3q2/8/8/2N5/PPP2PPP/R3R1K1 b - - 0 18,399
axfqL,r1b1k2r/5pp1/1pp1p2p/p2nP3/4P2B/8/PPP3PP/2KR3R b kq - 0 20,399
MmTZw,4q1k1/7p/3p3B/p2P2p1/P2K4/1P6/8/5R2 b - - 1 48,399
DK8HY,2b1r3/p5pk/7p/p4p2/5P2/8/1PQ1RNPP/4q1K1 w - - 1 33,399
UiLjD,r2qkb1r/1b1n1ppp/pp2p3/1B1pP3/8/4PQ2/PPP3PP/RNB2RK1 b kq - 1 12,399
0r0NX,r2r2k1/pp4pp/2p1bp1Q/4p3/8/1P2B1R1/5PPP/2Rq2K1 w - - 9 27,399
ZLFf0,2r1k2r/1p2bp1p/p3bp2/4pN1N/1P1pP3/5Q1P/1P3PP1/K1qR1B1R w k - 2 21,399
nad6k,8/2R5/4pk1p/2P4K/4r3/8/8/8 w - - 4 49,399
kAAGf,R4nk1/3q2pp/8/4p3/8/4PQPP/2r1N2K/8 b - - 4 46,399
ZAh0L,4q1k1/1r3pp1/pNp4p/P1Pp2n1/3b1BQ1/8/1P4PP/3R2K1 w - - 0 27,399
xzBW0,rb3rk1/p1q1nppp/2p1p3/8/QB1PP3/3B4/PP3PPP/1R3RK1 w - - 9 16,399
pN8aX,5r1k/pp2p3/4p1RP/8/1P6/P1pB4/2P3R1/2K2q2 w - - 5 39,399
aBa5W,8/4R1pk/4p3/4P3/8/2r4p/7P/7K w - - 0 38,399
ybsBP,2k2r2/ppp2qp1/P3p1b1/2Pp2B1/4p3/1QP4p/1P5R/R4rK1 w - - 2 28,399
86W7t,6k1/2R2pp1/p2N3p/3bP3/3r1P2/1P2p1P1/P6P/6K1 w - - 1 31,399
kTPqv,5rk1/pbrNbppp/4p3/q7/3B2Q1/2P5/P4PPP/R4RK1 b - - 7 24,399
gu1Df,k4r2/1pR5/p3Q3/P2pP1p1/5r2/4q3/6PP/4R1K1 w - - 1 39,399
8lJrY,3Q3k/2q2pp1/p7/1p2P2p/1Pn1BPb1/2PR2Pn/6KP/5R2 b - - 7 40,399
TmZDr,rnbqkbnr/p2ppppp/2p5/7Q/2B1P3/8/PP1P1PPP/RNB1K1NR b KQkq - 0 4,399
UtBVK,r2qkb1r/pppb1pp1/2n4p/4p3/4P3/3P1Q2/PPP1B1PP/RNB2RK1 b kq - 3 10,399
M0c4s,r3Q1kr/p1p2p1p/1p3P1p/8/8/P4b1P/1nP2PP1/4R1K1 b - - 3 21,399
CDyQB,6k1/2R2N1p/4pnp1/1b1pN3/8/4P3/5RPP/r5K1 w - - 1 28,399
FXRgv,rR4k1/3p1ppp/p3p3/n7/8/3PBPPP/n5K1/1R6 b - - 1 29,399
r2vND,4R3/2p2pk1/1b2rp1p/p2N1p2/2P5/3P4/P4PPP/6K1 w - - 3 28,399
Yf5pt,6k1/3q2pp/p4p2/1p1p1P2/2bP4/P1N1Q2P/1P4P1/7K b - - 0 31,399
xld8H,5rk1/6pp/2p5/1p2p3/p7/P1P1P1Pq/1P2R1QP/5rK1 w - - 0 32,399
jOUOX,4r3/p5kp/3P2p1/8/8/8/P5PP/3R3K w - - 1 31,399
zEvPM,5k2/p6p/1p1b2p1/8/8/PQ5P/1P4P1/2rRq2K w - - 3 29,399
wzMq7,3r2k1/Q4ppp/8/4p3/2P5/8/P2r1PPP/q3R1K1 w - - 0 25,399
UHXQa,r2qrb1k/2p1npp1/p6p/1p2p3/3P2R1/2PQ1b1P/PPB2PP1/R1B3K1 b - - 1 19,399
syoUr,2kr4/ppp2ppp/8/2B5/8/P7/1P2RPPP/R2r2K1 w - - 1 24,399
XZPS3,r2qk2r/pp3ppp/4p3/3pn1b1/6BP/P1N1P3/1PPK1QP1/5R1R b kq - 0 17,399
mZgy3,4brk1/pQp4p/2p5/8/3P4/8/P1P3PP/4Rq1K w - - 2 23,399
r0YmG,r4rk1/6pp/pp2p3/3b4/1P1Np1Q1/P1R1P3/6PP/2R2q1K w - - 2 23,399
pb983,5k2/1p3p1p/p1p5/3n1N2/P1P5/3R3P/1r3PP1/6K1 b - - 0 32,399
A41aG,5k1r/5ppp/8/4R3/B1p5/8/Pr3PKP/8 b - - 0 29,399
tLIwU,1k1Qr3/ppp1r1p1/8/4p2p/5P1P/1PP3P1/q4RK1/3R4 b - - 1 29,399
yG39V,r3Q1k1/5pp1/p6p/qp1b3n/2pP4/P1N4P/2B2PP1/R1B1R1K1 b - - 0 24,399
wFrR6,r1b3k1/pp3pp1/2p4p/2P1q3/8/P1P5/2B2PPP/R2Q2K1 b - - 2 20,399
yPf5Z,3Q2k1/6p1/4p1Pp/5p1P/1p3P1q/1P2b3/4B1K1/3R4 b - - 0 44,399
rLnvI,1Q3rRk/3p3p/4pq2/pp1b4/6R1/P1P4P/2P2PP1/6K1 b - - 2 29,399
M7Ngo,r3r1k1/1pp4p/p5pQ/6N1/6P1/3B4/PPP5/1K3q1b w - - 0 26,399
Hdnw6,r3R1k1/5ppp/2p3r1/3p1q2/p1pP4/P1P2P1P/1P2Q1P1/R5K1 b - - 3 30,399
LDQWE,6k1/p4ppp/1p2r3/1P6/P2PP3/r2n1P1P/2R3P1/6K1 b - - 1 28,399
QBx8o,rnb2k1r/ppp1nPbp/6p1/8/2B5/2N5/PPP2PPP/R1BR2K1 b - - 0 12,399
yy3d7,8/2kr4/1pp5/6p1/2P2b1p/7P/Q5P1/1R1q3K w - - 2 44,399
30y9F,r1b2rk1/ppppqpp1/5n1p/2b1P1N1/2np1P1P/2P5/PPQ3P1/RNBK3R b - - 1 11,399
VMj4h,r4kr1/5p1p/5Rp1/p5Pq/Bp3b2/1N6/PPP5/K4R2 b - - 2 33,399
N4vPw,4q2k/6pp/8/8/7n/3n3P/4Q1P1/5R1K b - - 1 31,399
oEpBr,6k1/rB2p2p/P2p2pB/3Pn3/4Q3/8/2P1r1PP/5RK1 b - - 0 32,399
Y0ldC,r2qkb1r/1p2ppp1/p1p5/2p1P2b/4P2P/2P2Q2/PP3P2/RNB1K2R w KQkq - 1 14,399
zu73x,r3Q1k1/pp3ppp/5q2/n2p4/8/P1P4P/1P1n1PP1/R3R1K1 b - - 1 20,399
IF05T,b1r2Q1k/6pp/3p4/1p1Pp3/1q2P3/1B6/2P3PP/5R1K b - - 2 26,399
KEHOq,2rqkbnr/5p1p/p3p1p1/1p1pP3/3P4/1PN1PQ2/P5PP/R2B1RK1 b k - 0 17,399
7UrLH,6k1/4pp1p/1Ppp2p1/4P3/5P2/8/2P1R1PP/r6K w - - 1 29,399
63E8e,6k1/4Qppp/1rn5/4p3/2P5/5P1P/PP4P1/3R2K1 b - - 0 24,399
izByD,k7/Pr3p2/2K1p3/4Pp2/5P2/8/7p/3R4 b - - 6 48,399
n2gqM,6k1/5ppb/1p1R4/p5B1/8/4P1K1/P1r3PP/8 b - - 4 36,399
nLkco,2k2r2/1pp3pp/p2P4/8/4p3/P1P1P1Pb/1P1Q3P/3R1qK1 w - - 1 31,399
4orsC,2r1k3/p4pb1/1p2p1p1/2p1P1Bp/2P2P2/7P/PP3P2/3R1K2 b - - 3 26,399
lscS2,2r3k1/6pp/r6q/4P3/2QPp3/4P2P/1P3RP1/5RK1 b - - 0 37,399
AXOai,3r2k1/5ppp/2p5/p4P2/N1b5/P1P1b2P/1R4P1/KB6 b - - 0 33,399
w1R8M,r1b3k1/1pp2pp1/p1Q1r2p/4P2q/8/4PN2/PPB2PPP/2KR3R b - - 0 18,399
fBp5e,r1bq1rk1/bpppnppp/p7/2P5/4P1Q1/1nB5/PP3PPP/R3KB1R b KQ - 1 12,399
4Whov,r1b2rk1/pp3pp1/1qp1pb1p/8/3PQ3/3B1N2/PPP2PPP/2KR3R b - - 1 13,399
hhUBe,2rr2k1/5ppp/1p1Q4/7q/1P6/5N2/4RPPP/4R1K1 b - - 0 26,399
CQbyJ,rn3rk1/ppb2pp1/2pq1n1p/1P1p4/P2P4/2NB1b1P/2PB1PP1/R2Q1RK1 w - - 0 14,399
VdSBe,r2Q1k2/1p2npq1/p1p1p1r1/8/B7/7P/PPP2PP1/1K1RR3 b - - 2 25,399
xpy2s,5rk1/p5pp/1p2R3/8/3P4/P7/6PP/3R1q1K w - - 2 28,399
oX511,3r2k1/1p3p1p/6p1/pPb5/P7/R7/2P1NPPP/5K2 w - - 2 26,399
62spt,2Q5/pp4pk/2pb3p/3p4/3P1r2/P1P4P/1P4P1/1R3q1K w - - 0 32,399
Hw2Pk,q1r2rk1/pb1nbpp1/1p1ppn1p/8/3P4/1PP2N1P/PBQ2PPN/1BR2RK1 b - - 2 17,399
CjWJW,3r2k1/pp4pb/4p3/3P3q/8/P1B3Q1/1P3P2/R5K1 b - - 0 29,399
ZNtlb,r2qkb1r/p2b1ppp/2p1p3/8/2PN4/4PQ2/PP4PP/RN3RK1 b kq - 0 12,399
Rh1f3,6k1/2p2ppb/7p/8/2N3P1/7P/1KPR1P2/r3R3 b - - 1 26,399
81f2q,r4rk1/2pqbppp/1p1p1n2/p2N4/3QP3/1P5P/PBP2PP1/R4RK1 b - - 2 13,399
Xde39,7k/5p1p/4N1pP/p3P3/2p1p3/P3r3/1PK5/5R2 b - - 0 38,399
AfDeb,4k1r1/5p1p/1p3P2/2b4N/B3P3/7P/P2R3K/2r5 b - - 2 33,399
yelv2,4rR2/pkpp3p/1p6/8/2PP4/4R3/P1Q3PP/4q2K w - - 1 28,399
V9s6F,r3k2r/pb2qppp/2p5/4p3/4Q3/3B3P/PPP2PP1/2KR3R b kq - 2 14,399
TWoPf,6k1/p3n1pp/4B3/5p2/3R4/1PP3P1/r6P/6K1 b - - 3 34,399
fj8Ad,1r2Qk2/2qP1pp1/1rP3p1/pp6/8/8/P4PPP/2R1R1K1 b - - 1 36,399
edtlD,1k6/1pr1Bp2/p3p1p1/4Pb1p/P2R4/1K3P2/1P6/8 b - - 11 40,399
gu89Z,r1b1k2r/p1q2ppp/2p5/6B1/4p1n1/2P3P1/P1B2P1P/R2Q1RK1 b kq - 0 14,399
yz6k6,3r3k/8/2P2b2/3Q1p2/5Pp1/P5Pp/7P/3q3K w - - 0 42,399
CcAs2,R3r1k1/2Q2pp1/3pr2p/2p5/2P5/1P6/2P2PPP/q5K1 w - - 0 29,399
Quren,8/8/8/R3p1k1/5p2/5P1K/6P1/4r3 w - - 4 61,399
YCFAs,3r2k1/pp3ppp/8/6r1/4n3/PP1BPp1P/2R2P2/5R1K b - - 2 28,399
Ji76D,r3k2r/pb1nqppp/2p1p3/1p6/3PQ3/3B1P2/PPP3PP/2KR2NR b kq - 0 12,399
bzItG,7r/3b1k2/2n1p3/3pPp1p/1P4p1/1BQ5/2R2PPP/2Bq2K1 w - - 1 33,399
zWXr5,6k1/p1b2ppp/p4B2/8/QP2B3/3rP1Pb/2R2P1P/2Rq2K1 w - - 1 28,399
qCtkJ,8/4ppkp/2p3p1/4p3/p7/2N5/PrPR1PPP/6K1 w - - 0 21,399
6Ylmx,r3Q1k1/2p2ppp/pq4b1/3n2B1/6P1/3P3P/PPP2P2/R3R1K1 b - - 1 19,399
Wvfvy,r1b1r1k1/pppp1ppp/8/8/3QPPnq/2N3R1/PPP4P/R3KB2 b Q - 3 12,399
phbhu,2r2Q1k/6p1/3p3p/2b5/P3B3/2q5/6PP/5R1K b - - 5 33,399
rp4MS,r4R1k/pbp3pB/1p5p/3PP3/2P3q1/6p1/P1Q3P1/5RK1 b - - 0 25,399
5toK4,4r3/p4kpp/1pr1R3/8/5B2/8/PbP2PPP/6K1 w - - 0 30,399
8ySSx,6k1/p1p2ppp/2pb4/5PP1/3R2P1/8/PP4r1/2K1B3 b - - 0 29,399
1FxKm,7k/1p2p2p/p7/4b3/4N2q/1P5P/P1P3P1/5Q1K b - - 0 36,399
unRkg,4k3/1R6/8/4P3/pn6/P4b2/1P3P1P/2r1N1K1 w - - 0 33,399
TCnOP,2r3k1/2N2ppb/8/7p/1K6/1P6/PB5P/4R3 b - - 0 32,399
Sypvq,rn1R2k1/p3bp1p/6bB/2p3p1/2p3P1/2N5/PPP2P1P/2K1R3 b - - 0 17,399
KLVYI,6k1/r4ppp/pr2p3/3p1N2/8/2P1R2P/PP3PP1/2R3K1 b - - 0 22,399
YdSeY,3r2k1/pp3ppp/8/8/4P3/3P3P/P5P1/2R4K b - - 0 26,399
WjF40,3r1Q1k/6pp/2prp3/8/3P2P1/1B2P2q/PP1K1R1P/6R1 b - - 2 26,399
M6xYR,2rQ2k1/5ppp/4p2P/pp3qP1/5P2/P7/1PP5/1K1R4 b - - 1 32,399
nMW59,4r1k1/pp3ppp/8/2PN4/1P6/8/1bP2PPP/R5K1 w - - 0 19,399
tx04f,4r1k1/5ppp/2p5/3p4/8/5P2/1q1Q2PP/7K w - - 0 33,399
B4bQb,5rk1/6pp/2p5/1p1b4/p2Bp1Q1/P3P3/6PP/3R1q1K w - - 2 30,399
ErN7Y,4rr1k/2pQ1pp1/p6p/1p6/1P6/P7/3R2PP/3Rq2K w - - 2 32,399
y8jlA,1k1r3r/1p6/p3B3/2R3pp/4p3/8/PP3PPP/4R1K1 w - - 0 23,399
bR13v,r2n1k2/pp3ppp/8/1P1p4/1B1P4/8/P4PPP/4R1K1 b - - 2 20,399
QFb5C,2rR2k1/1p3ppp/p7/8/2pR1P2/1P6/6PP/6K1 b - - 2 37,399
t8pfy,8/ppk3pp/5p2/8/8/4r3/PPP3PP/1K1R4 w - - 2 24,399
Sjgx7,5r1k/1p5p/3p1N1b/p2pp3/2P5/1P3PRP/P2r4/4K1R1 b - - 3 32,399
vDeAx,r1bqr1kb/1p2pp1p/p1np1npB/2p5/P1B1PQ2/2NP1N1P/1PP2PP1/R3K2R b KQ - 6 11,399
grJXZ,k2r4/pp6/2p1p3/6Rp/1P1Pp3/7P/P7/7K b - - 1 36,399
taUxR,8/8/6pk/1R2R3/1p2N3/pPp2r1P/P1P4P/1K6 w - - 0 38,399
sEOTf,r4r1k/ppp2p1p/1b3R2/8/3qp1Q1/1P1P4/1PP3PP/R1B4K w - - 2 18,399
QR3xr,r4R1k/7p/4pPp1/3n4/p2q4/Q5BP/5PPK/8 b - - 1 29,399
hkOWX,r3R2k/1pp3pp/p4p2/8/2Br1P2/2N4P/PP1B1PKb/4R3 b - - 3 25,399
9q9uM,2k5/ppp2p2/3b1N2/8/2P2p2/7P/r4PP1/4R1K1 b - - 1 25,399
lyfJB,1k2Q2r/ppp3p1/8/3q4/5p2/1P3NP1/P3RPK1/8 b - - 1 43,399
gXnP1,5k2/5pp1/2B4p/r7/6P1/P1n4P/5P2/4R1K1 b - - 4 41,399
nGcAm,1r2k2r/3b1p2/pqp1p3/3p2p1/N7/P2B2P1/1bPQ1P1P/2KR3R w k - 0 17,399
TCwGt,8/R7/6pk/5p2/5K1P/pr6/8/8 b - - 1 58,399
9fkft,5q1k/p1Q1p2p/3p2p1/3B3b/2Pb4/8/P5PP/4Rr1K w - - 0 22,399
ycp6r,R7/2b1k3/8/2P3p1/1PB1p1Pr/P3Pp2/5P2/5K2 w - - 18 59,399
hk3K4,3rk3/Q4p1p/4pbp1/2n5/8/5N2/P2R1PPP/3q2K1 w - - 0 26,399
esGK8,1r3k1Q/p1qp1p2/b3pPn1/2P5/2rB1P2/8/4NK2/7R b - - 4 29,399
ege87,3Q1knr/5pp1/2Bp3p/3N1qb1/2P5/8/PP1B1PPP/n3R1K1 b - - 0 18,399
MIbtL,6k1/p3pp1p/2p3p1/2q5/2P5/1P3R2/PQ2N1PP/3r3K w - - 1 24,399
awDiM,r4Q1k/1p4p1/2p4p/p2pP1q1/3P4/P7/1P6/1B2KR2 b - - 7 38,399
xwqkc,4r3/5kp1/1R6/P7/2PP4/7p/1P3PpP/6K1 w - - 2 42,399
z1HCT,5k2/1pp2pp1/1b1p3p/pr1P1P2/B5P1/7P/4RP2/5K2 b - - 1 37,399
VsnOx,7k/1pp3pp/1p6/3P1Q2/8/r4qP1/P4P2/R3R1K1 b - - 0 25,399
tCMow,3rkbnr/4pppp/p7/1pp1P3/6b1/N1P5/P3PPPP/R1B1KB1R w KQk - 0 11,399
YdOIY,3r1k2/5pb1/8/1B2p3/P1P1Q3/3R4/5PPP/3q2K1 w - - 0 36,399
QirH0,2r3k1/2q1pp1p/p2p2p1/8/Np1R3P/1B3Q2/PPr2P2/2K4R w - - 0 22,399
lbaNX,2krr3/ppp2ppp/2n2p2/8/Q2P4/2P2P2/P4PPP/R3q1K1 w - - 0 15,399
7XEHe,2rR1k2/p3ppb1/6p1/Q3p3/8/1B2B3/PPP3qr/2K5 b - - 1 29,399
Gapjh,3r2k1/8/NR6/P7/5p2/6p1/6P1/7K w - - 0 49,399
H8QJa,r4rk1/ppp2pqB/8/3p4/3p4/6PQ/PPP2PP1/1K5R b - - 2 22,399
WgQ3g,1k3r2/1p6/1P3Q2/8/7p/p1P3bP/P5P1/3R3K b - - 1 37,399
yyoGe,7k/2p1r1p1/p6p/5p1b/8/1P3P2/P4NPP/2R3K1 w - - 0 32,399
gezkF,1Q4k1/1p3ppp/p1n1p3/8/1P2q2P/2P5/P4P2/2KR3R b - - 0 23,399
R2ZYH,4Q1k1/p2q1p1r/1p3B2/3p4/2b3P1/P7/1P4P1/4R1K1 b - - 4 38,399
abPJO,1r3rk1/1p4pp/p1p1R3/3p4/1Q6/8/PP4PP/4Rq1K w - - 2 27,399
JagAb,q4rk1/1b1Nbpp1/p3pn1p/Bp6/3P3P/P2QP3/1PBN1PP1/6K1 b - - 2 24,399
TcUW9,3rr2k/3N1Qpp/2b2p2/8/8/6P1/3p1P1P/3R2K1 w - - 2 38,399
KZIiQ,rn3rk1/4nppp/2p5/q2pPbQ1/1p1P4/pP3N2/P1P1N2P/R3KBR1 b Q - 3 16,399
3wBjj,8/8/4r3/1P6/1R6/6pk/8/6K1 w - - 5 62,399
UQAto,6k1/5p1p/4pPpP/4P3/p3K1P1/Prp5/1P6/2R5 b - - 1 38,399
Tndnh,1r4k1/R4ppp/p3p3/3p4/3P4/1R2P2P/5PP1/6K1 b - - 0 24,399
s7ykp,1k1Q3r/1pp2p2/p4pp1/4p2q/2P5/P3B1P1/1P3P2/3R1K2 b - - 0 26,399
YsKll,r3r1k1/p1p3pp/8/3P2q1/8/6Q1/PP3PPP/R2b2K1 w - - 0 21,399
o4Ayg,7k/6pp/1r6/8/8/1P4P1/P1n2K1P/2R5 b - - 4 36,399
iPHUE,6k1/6pp/p1pBP3/2Np4/6P1/4q3/5RKP/1r6 b - - 0 36,399
U8W4j,4rQ1k/6np/2pp4/1p2q1pP/p3P1P1/P2B4/1PP5/1K3R2 b - - 8 31,399
SFDmN,r4r1k/ppQ4p/6b1/4p3/4p2P/1P6/P1RPN3/3K1qR1 w - - 2 26,399
SXakm,2b3k1/4ppbp/p2p2p1/qp1P4/4PP2/1P2BB2/P5PP/3Q2K1 w - - 0 21,399
NbrkK,3rk1nr/pp3ppp/8/2B1p3/2P3b1/P1Q5/1q3PPP/RN2KB1R w KQk - 2 14,399
ouMzR,8/5k2/3p3R/3r1p2/PR2nP2/4P2p/7P/7K w - - 0 40,399
gQqet,k1Qr4/pp4p1/7p/8/7P/3q4/PP3PP1/K1R5 b - - 6 30,399
DDHkx,8/ppp2kp1/7p/5b2/4r3/3N1Q2/PP3PPP/2q3K1 w - - 0 22,399
klLM4,2r3k1/5pp1/p2q3p/1p6/1P6/8/P4PPP/3R2K1 w - - 0 27,399
5FHt3,6k1/5ppp/p7/6n1/3p3q/5PN1/7P/4Q2K b - - 0 47,399
RfTKj,3r2k1/p4p1p/1p4p1/8/8/1P3P2/4Q1PP/2Bq3K w - - 1 32,399
CdSkK,r5k1/2R2pp1/p6p/5Nb1/5p2/1PPP4/1P2rPPP/R5K1 w - - 1 23,399
1zG8Z,1r4k1/R4ppp/4p3/P2pP3/2p1bP2/2P4P/1R4P1/3B2K1 b - - 0 30,399
f1VnN,rn2r1k1/pp5p/2p2qpQ/3p4/8/2N5/PPP3PP/5R1K w - - 0 20,399
UF4fd,8/1p3r1k/p7/P7/1P4p1/2Q5/5RPP/3r2K1 w - - 1 38,399
Foi2Y,6k1/5ppp/1pr1pq2/1p1Q4/3P4/PN5P/1P3PP1/4R1K1 b - - 0 31,399
6uQeY,8/1p6/p2R2k1/5p2/P7/1rn1BK2/5P2/8 b - - 2 41,399
qCS2A,1R6/rPk5/P1R5/2pP1p1p/2P5/7r/2K5/8 b - - 2 45,399
sJ62n,2R2rk1/pQ3ppp/7q/6n1/8/P3P3/1P3PPP/5R1K b - - 2 21,399
brkwq,r1bq1rk1/1p3ppp/p1np4/4p3/3PQ3/2PB4/PP1N1PPP/R3K2R b KQ - 1 14,399
tqSon,8/8/8/8/8/4rk2/6R1/6K1 w - - 33 70,399
b8vsf,8/p6k/2p5/6R1/8/7B/2r2PPP/4R1K1 w - - 0 35,399
oZBFt,8/R6P/6kr/8/4p3/5p2/5P2/6K1 w - - 5 52,399
U3IMO,3rk1nB/pp2pp1p/2b3pb/8/6Q1/2N2N1P/PPP2P2/1K1q4 w - - 0 19,399
l2Ems,3r3k/pp4pp/8/8/4p3/1Pb1B1Pb/P4P1P/2R3K1 w - - 0 24,399
ICzb2,r3k2r/1p2b1pp/p1b2N2/3q1p2/3P4/8/PP2QPPP/R1B1R1K1 b kq - 1 16,399
417l6,r1bqr1k1/2p1bppp/p2p1B2/1p6/3P4/1P3N2/1PP1QPPP/RN2R1K1 b - - 0 14,399
2qU0M,3r1rk1/pp3ppp/1qnb4/3Pp3/6b1/3Q1N2/PPB2PPP/R1B2RK1 b - - 0 14,399
axrh1,1r3rk1/p5p1/1p1p1p2/2pP1P1P/7q/6Q1/PPP2K2/3R2R1 b - - 3 36,399
QWCdK,2q3k1/p4ppp/8/8/1B4Q1/P5P1/1Pr2P1P/R2R2K1 b - - 0 26,399
7QkxU,7k/1r3ppp/1p6/8/p7/PN2P1P1/5P1P/3R2K1 b - - 0 28,399
u7FaC,5r1k/1p4p1/p1n1R2p/2p1b3/4Q3/P2P3P/2P3P1/1R3q1K w - - 4 27,399
6coC4,5rk1/6np/2Q3p1/p3p1P1/8/2Pp4/PP1N1q1P/R1K1q2R w - - 0 32,399
zfP4H,6k1/6pp/4p3/p3N3/P7/1r3P2/2R1K1nP/8 b - - 0 40,399
Evlzj,r2r2k1/5pPp/p3p3/1p6/5P2/6P1/PPP4Q/1K1q3R w - - 2 24,399
daoQX,r2Q2kr/p4ppp/1p2pn2/1N6/6P1/P4q2/1PP2P1P/2KR3R b - - 4 17,399
KdcDP,4R2k/6p1/3r1n1p/8/pp6/3B1P2/P5PP/4R1K1 b - - 1 32,399
tBHUw,3Q3k/1p4p1/p1n4p/4p3/4B1q1/P3PRP1/1P5P/6K1 b - - 0 30,399
bAnE1,r7/r5pk/3BR3/1p2Pp1p/5PnP/1B6/1PP3P1/1K3R2 w - - 3 30,399
uHfoD,8/2R5/p3Rr2/1p1r3k/7p/5N2/P4PPP/6K1 w - - 0 38,399
e9ygW,2r4r/pQp3kp/3P2q1/3b4/8/2N1n3/PP4P1/2R1R1K1 w - - 4 23,399
c9P8i,r1b1k2r/1p2pp1p/p1N3p1/1B6/8/2P4P/P1P3P1/3RK2R b Kkq - 0 15,399
hlukt,4r1k1/pQ4pp/5p2/8/8/8/5PPP/3Rq1K1 w - - 1 26,399
fNSvv,r5k1/1b4p1/p1q1p1Qp/4Pp1P/1Np2P2/8/PP4r1/R4RK1 w - - 0 29,399
XKkSV,r1b1k2r/pp2ppbp/6p1/1B6/3n4/4BP2/qPPQ2PP/2KR3R b kq - 1 12,399
Uu77I,1r4k1/2N2ppp/p7/8/P7/1QP2P2/1P2r1qP/1K1R2b1 b - - 0 24,399
j6MJE,r2qrbk1/pbpp1ppp/1pn1p3/3nP3/3PQB2/2PB1N2/PP1N1PPP/R3K2R b KQ - 2 11,399
gAXYe,1r5k/6pp/5r2/5p2/nQ6/3B1P2/2P3PP/4R1K1 b - - 4 31,399
gMmmh,3q4/5kpp/P4p2/5P2/8/Q7/6PP/2Rq3K w - - 0 42,399
vFqh3,8/3R3p/6pk/6P1/4r2P/6K1/8/8 b - - 0 56,399
6T5PX,7k/pb2rpb1/1pq1pNpR/2p1P3/8/1P2Q3/PBP2PPP/6K1 b - - 0 30,399
usOlC,5rk1/3b1q1p/p2Q2p1/3p4/2p1p3/P1P1P3/1P1B2PP/R5K1 w - - 3 29,399
P0lOu,rn1q1rk1/pb1nbppp/1p2p3/2ppP3/3P4/2PQ1N2/PPBN1PPP/R1B2RK1 b - - 1 11,399
LwKsR,r1bq1rk1/1p1n1pbp/p2p2p1/2p1p2R/2P5/P1N1PP2/1PQP2P1/RBB1K1N1 b Q - 0 11,399
rxOmF,2b2rk1/5pp1/p6p/1p1p4/2p2q2/2Q3RP/PPP4K/8 b - - 0 35,399
89coD,rn4kr/ppp1q1pp/4N3/3p4/3P4/B4Q2/P4PPP/b4K1R b - - 2 15,399
ty5OB,r4Q1k/ppq3p1/2p4p/6N1/2P5/3r4/PP4PP/R4RK1 b - - 1 23,399
asn2y,r1bQ2k1/1pp2ppp/p1n5/5q2/8/B1P2N2/P4PPP/3R2K1 b - - 1 18,399
nE4T0,3r3k/p1r3pp/8/4P3/5PB1/Q1p3P1/3q3P/2R4K b - - 7 39,399
Bi2zy,2k5/bpp5/p6n/4N3/PP2p3/2P5/6r1/3K1R2 b - - 2 31,399
3uctZ,2r5/1p3p1k/p2p2p1/3P3p/PP6/2PR4/2r2PPP/R5K1 w - - 3 28,399
5vG9Y,1r3k2/5p1p/1R3Pp1/p1R5/8/7P/6PK/8 b - - 0 32,399
oQjhp,3r2k1/1R4pp/p3p3/3rN3/4b3/8/PP3PPP/4R1K1 w - - 1 25,399
em2SP,r4Qk1/pp2p2p/2npq1pB/8/3r4/6P1/PP4P1/R4RK1 b - - 3 20,399
slStp,rn1qkbnr/pbppp2p/1p3pQ1/8/3P4/3BP3/PPP2PPP/RNB1K1NR b KQkq - 0 5,399
7wZDE,5rk1/1p3pp1/p1pqp2p/8/5PQ1/6RP/6PK/8 b - - 5 34,399
DVYCu,1k6/ppp5/2bp3R/4n2p/8/1PP3BP/P5PK/5r2 b - - 2 38,399
wEY0h,3Q3k/B4Rpp/p4b2/P3p3/4P3/3n1P1P/5RPK/q7 b - - 0 34,399
30xOW,6k1/1p2npp1/4p3/pr2P1NP/1n6/2R3B1/1P3P2/6K1 b - - 0 29,399
gQa5f,6k1/pp3p1p/5R2/8/8/2r5/P4PPP/6K1 w - - 0 27,399
pE4Zj,1k3r1r/ppp3pp/3p4/4p3/4P3/1PNP4/1PP1Q1PP/R3bq1K w - - 3 21,399
YIB6J,6bk/6qp/6p1/4Qp2/p4p2/8/P4PPP/Q5K1 b - - 1 39,399
ImrHn,3b2k1/pp2rpp1/2p4p/2P5/1P6/P4BQ1/5PPP/3q2K1 w - - 0 25,399
unN6u,6k1/ppp3pp/2n2p2/3P4/Q4Pq1/P1P1B3/5P1P/5K2 b - - 0 28,399
uTHFj,3r2k1/pp3ppp/1q3n2/5r2/2P5/P1Q2P2/1B4PP/R4K1R b - - 0 19,399
HKz2B,5rk1/1n3pp1/1p1p3p/3P4/1q1NQ2b/3B3P/5PP1/5RK1 b - - 1 24,399
eBdH5,r1bk1Qr1/pp1p4/2pP4/n5qp/6p1/2P3B1/PP4P1/R3KR2 b Q - 5 25,399
V8jSL,5k2/ppp3pp/8/3Pr3/8/P7/1P4PP/3R3K w - - 2 25,399
xZ5Fr,bn2k2r/1q2bpp1/7p/1N2p3/2Pp4/3PB2P/1P3PPN/3Q1RK1 w k - 0 18,399
fo2n6,rn1r1Q1k/pp4pp/2p1p3/4P3/1B5q/P7/1P4PP/R4R1K b - - 2 20,399
iANWR,6rr/1k6/3p4/2pNp3/1pP1P3/3P1q2/2Q4p/5R1K w - - 0 38,399
0nxek,rnb2rk1/4qppp/2p1p3/pp4N1/3PQ2P/8/PPP2PP1/2KR1B1R b - - 1 12,399
025sW,r2q1rk1/1b2bpp1/2p1p2p/1pPp4/1P4Q1/P3P2P/1B1N1PP1/R3R1K1 b - - 0 18,399
2zaMn,5r2/pkp3Q1/1p1p3p/8/4P3/P7/2P3PP/3R1q1K w - - 2 30,399
etAyG,2r1Q2k/6pp/7q/5p1B/1P3P2/6PK/4Q3/8 b - - 0 38,399
YKHv6,r2Q1k1r/4nppp/1pp5/p7/4P2q/2N5/PPP2PPP/2KR1R2 b - - 4 15,399
6uxpe,3r2k1/1p3pp1/2p4p/4b3/2P5/1P6/5PPP/4R1K1 w - - 0 35,399
AVObQ,1r1Q1k1r/1p2ppbp/p5p1/2q5/4P3/2N2N2/PP3PPP/R2R2K1 b - - 2 17,399
r47gc,r3r1k1/ppp2pp1/2n2q1p/3n4/3P4/B1PQ1N1b/P1B2PP1/R4RK1 b - - 1 17,399
X7VAE,4r1k1/pQp3pp/5p2/8/8/1P1P4/P4qPP/5R1K w - - 1 25,399
ybvXI,r1br1k2/1p4pp/3B4/p1pB4/2Pb4/6P1/P3RP1P/4R1K1 b - - 0 20,399
o2zdy,r3R1k1/pppb1pp1/q6p/3P4/2P5/2Q5/PB3PPP/R5K1 b - - 0 18,399
LQjSi,r4rk1/pp2bppp/2p1qn2/3p1RB1/3P4/5Q2/PPP2PPP/RN4K1 w - - 2 14,399
kcB5d,5r1k/p1p1R1pp/8/3B4/3N4/P5Pb/1P5P/6K1 w - - 1 31,399
Tvzie,1k1r4/ppp3pp/8/n5P1/8/1PK1R2B/b3PP1P/3R4 b - - 0 20,399
L3uKi,r1b2rk1/3n1qpp/2p1pp2/pp6/3PQ1P1/3B1N1P/PPP2P2/1K1R3R b - - 1 17,399
rykf1,3k4/6p1/3PKb2/8/P4P2/8/2r4p/1R6 b - - 3 47,399
ki65G,1n2rQ1k/p2p2pp/1p6/2p5/8/8/PPP1q1PP/R4R1K b - - 2 18,399
KpHU7,1r3Q1k/p1pb2pp/2p1r3/3pq3/8/2NB4/PPPB2PP/5R1K b - - 2 20,399
8CRlg,1k1NQ3/pp1r3p/2p3p1/5p2/4p3/2P3P1/PP4PP/R2q3K w - - 1 33,399
VeoxN,2r5/1p5k/p2BR3/6b1/8/P4P2/1P4PP/7K w - - 1 35,399
efd3Y,r2q2k1/p4ppp/2p5/n7/1b2r3/2N4Q/PPP2PPP/R1B2K2 w - - 0 18,399
mI0M6,4q1k1/1p3npp/p7/5p2/1P1P4/P4P1B/2rQ2PP/6K1 w - - 0 31,399
P7E4h,8/R3n3/8/6pk/7p/5K2/8/8 b - - 5 54,399
9ZcHH,r4rk1/1Q3R1p/pp4p1/6N1/3b4/8/6PP/5q1K w - - 0 24,399
MJQjH,4Q1k1/1pp2ppr/p7/4R3/q4P2/2P4P/1P4PK/8 b - - 0 38,399
UPT8U,6k1/R5p1/8/5P2/5rP1/7p/7P/6K1 w - - 1 41,399
L4iJe,r4rk1/pp2np1p/3qp1p1/3p4/1P6/PN2Pn1P/2P1BPPK/1R1Q1R2 w - - 5 18,399
VBnB6,2r1k2r/1p2bp2/p3p1p1/1b1pP1Pp/2qP1P2/2P1B3/P2Q1N1P/R1R3K1 w k - 4 21,399
FIQAH,r1b2rk1/pp3ppp/1q3n2/2b3B1/3p4/3Q4/PPB2PPP/RN3RK1 b - - 3 18,399
dwkx5,r1b1kbnr/pppp1B1p/8/4n1B1/3qP3/3P1Q2/P1P3PP/RN3R1K b kq - 0 11,399
Nx6sl,6k1/6p1/3R2Pp/7r/5p1P/P7/1P6/K7 b - - 0 46,399
JHv3h,6k1/p3R1p1/2p3r1/8/3p4/4p3/PPP5/2K3rR w - - 2 38,399
PR1MM,r1b4k/b1p3pp/p2p4/1p6/3PP3/1B2PR2/PPn3PP/RN4K1 b - - 2 19,399
g0CDK,r1bq1rk1/p2pbppp/1n2p3/2p1P3/2P1Q3/1P1B4/P4PPP/RNB2RK1 b - - 1 12,399
3AiO1,2rq2k1/6np/p2p2RB/1p1P4/3QP1P1/1P5P/P1P5/6K1 b - - 0 29,399
aeXHh,5k2/p4p2/2r1pP2/4P3/2pR4/P6p/1PK1Nn2/8 b - - 0 39,399
6zhMR,3r1Q1k/6pp/pq6/6b1/8/8/PP4PP/R4R1K b - - 2 24,399
RnCGv,r2r2k1/p5bp/b1p2p1n/1qBp2p1/1P1P4/5N2/P2Q1PPP/RN2R1K1 w - - 1 20,399
P0H8y,8/Q4pkp/4bnp1/8/2r1P1P1/5P2/1P5P/K1q4R w - - 0 30,399
Aeh1J,r2n2r1/5kpQ/p1b1p1q1/1pN1Rp2/2pP4/2P5/PPB2PPP/4R1K1 w - - 4 26,399
GaBkM,r4rk1/ppb2ppp/3q1n2/2pp4/8/P1B1Pn1P/NPP1BPP1/R2Q1RK1 w - - 2 16,399
Cxgzm,r3r1k1/p1p2pp1/7p/8/8/P1N2P2/1PPR2PP/3Rq2K w - - 1 26,399
NPpco,6k1/5ppp/4p3/6P1/3KP2P/r6R/8/1R6 b - - 2 26,399
7v7JE,2r5/1p3Q2/p4ppk/Pqp5/5R2/1P2R3/2P3PP/3r2K1 w - - 1 29,399
cERyw,4r2k/pp4pp/8/3B4/3P2bq/5PQ1/PP1P2PP/R1B1rK2 w - - 1 20,399
AyOOB,rnbqkb1r/ppnppppp/8/2p1P3/2B5/2P2Q2/PP1P1PPP/RNB1K1NR b KQkq - 4 5,399
PQawF,2r4k/1r3ppp/8/p3p1P1/8/KPN2P2/2P2P2/3R2R1 b - - 0 29,399
WYyCx,2k5/2P5/2K5/3N4/6p1/8/p7/8 b - - 1 53,399
XM3AK,3r1rk1/p4p2/1P3Pp1/5p1p/1Q3N1P/8/PPP2P2/1K1q2R1 w - - 3 30,399
K12dW,7k/pp3B1p/5q2/5p2/3Q4/8/P5RP/7K b - - 0 29,399
YVzqE,3r2k1/5ppp/3Q4/8/P7/7P/6P1/1R5K b - - 0 41,399
6ozfH,rnb1kb1r/p4p1p/4pB2/1p6/2p5/8/PP3PPP/3RKBNR b Kkq - 0 11,399
uYx6V,6k1/5ppp/4p3/p2pP3/Pp1P3P/1P3PP1/2R1K3/r7 b - - 0 34,399
kYDEK,1r4k1/pQp2ppp/5n2/2r3q1/8/2N5/PPP3PP/RK1R4 b - - 13 21,399
IgHQI,r1bqk1nr/ppppbpp1/2n4p/6NQ/3pP2P/8/PPP2PP1/RNB1KB1R b KQkq - 1 6,399
audEC,1q5k/6pp/3Q4/8/2pp4/PpP5/6PP/2B1R1K1 b - - 0 36,399
R7aXR,5nk1/p6r/6R1/2r1Pp2/2B4p/5P2/P4K2/7R b - - 1 33,399
eK86Q,rnb1Q1k1/p4ppp/8/1qpp4/1b1P1P2/2N4P/1PPK2P1/4R1R1 b - - 3 26,399
AYLOG,3q2k1/5pp1/1pQ1p2p/p7/8/2P3P1/PP3PP1/6K1 w - - 4 25,399
UVcLv,r1bqkbnr/1ppppppp/2n5/p6Q/2B1P3/8/PPPP1PPP/RNB1K1NR b KQkq - 3 3,399
4PhJy,6rk/6rp/3p4/5Q2/1PPq3P/8/4BP2/3R1K2 w - - 4 46,399
3RZRZ,r4Q1k/1b1p2pr/p1pPp2p/1pP1P3/2q4b/4B3/P5PP/1R3RK1 b - - 3 31,399
Aoet0,8/1R6/6pk/5p2/3b1K1P/8/1p6/8 b - - 1 47,399
xn8tS,r3r1k1/p1p3pp/2p5/7Q/1P6/P1P2P2/4R1PP/4q2K w - - 0 24,399
1z3xw,2k1r3/pp6/8/1PP4p/3p3P/3P2p1/3R2P1/2R1r2K w - - 2 34,399
NsxJk,1qQ3k1/p1R2ppp/4p1b1/8/3P4/4P1K1/r4PPP/7R b - - 7 24,399
Ym3Qe,5rk1/5pp1/pp2p2p/3q4/6Q1/6RP/1P3PPK/8 b - - 7 34,399
vDvds,2kr4/p1b5/8/2R1N3/P4p2/1P3P1p/5P1P/2Qq3K w - - 1 43,399
amsKr,4Rb1k/1p5n/p3Q3/5r2/8/8/PPP2RPP/3r2K1 w - - 1 31,399
acrwY,r3k2r/pb3ppp/2q1p3/2p5/P1Pp2n1/1B1Q1P1N/2P3PP/1R3RK1 w kq - 3 18,399
Y4Fh6,r5k1/pb2rp1p/1p3p1B/8/8/1B5Q/PP4PP/3Rq2K w - - 8 26,399
E5Qod,r3r1k1/ppp1nppp/3q4/3P1b2/3Qp3/2B4P/PPP1NPP1/3R1RK1 b - - 4 15,399
d99NH,r1b2Rk1/5ppp/1p6/1B6/5r2/P7/1P3PPP/4R1K1 b - - 0 21,399
bLyGH,r2q1rk1/3bbpp1/1n2pB1p/p2p4/3P4/2NQ1N2/1PB2PPP/R3R1K1 b - - 0 18,399
xzyR1,r1bk1Qnr/pppp3p/2n5/3N4/1bBqP3/3Pp3/PPP3PP/R4RK1 b - - 2 12,399
I3Vw8,r1bqkbnr/pppnpppp/3p4/8/2B1P3/5Q2/PPPP1PPP/RNB1K1NR b KQkq - 3 3,399
AbPwy,4r1k1/1b3pPp/p3p3/1p4P1/4p2P/bPBqP3/P1rP1Q2/K4R1R b - - 6 26,399
htUkw,4k2r/3q1pb1/1r2n2p/3pP1p1/p2P4/1p1QBP1P/1P2K1P1/1B3R1R b k - 0 28,399
jP2Se,6k1/5ppp/p3p3/7P/3p4/PN2R3/1Pr3r1/1K1R4 b - - 0 35,399
QysOA,8/kp1b3Q/p3p1p1/8/2r5/6N1/PP4PP/K1q4R w - - 3 31,399
dzoGA,r3k1r1/1p2np1p/p3p3/3pPp2/5Pq1/2P1bN2/PP2Q1PP/R4R1K w q - 0 19,399
IILEu,2r3k1/6pp/1q6/p2b1p2/Q2Pp3/2R1P1P1/P4PBP/6K1 b - - 0 28,399
6czEd,r1bk1Q1r/ppp1n1pp/3p4/1B6/4q3/8/P1P3PP/R4R1K b - - 1 16,399
9iSCp,1r4k1/5p2/6p1/7p/2q5/8/P5PP/2R4K w - - 0 41,399
ovHw5,7k/N5pp/1p6/2p5/4N3/3p3P/1r2r1P1/5R1K b - - 3 40,399
vl0Q0,1r6/6pk/p5Rp/2p1p3/2B2p2/P4P2/3R2PP/7K w - - 1 33,399
UkTOY,1k3Q1r/ppp2Rp1/2r1p3/7p/q3P3/P2P3P/1PP1B1P1/1K1R4 b - - 4 23,399
kltG8,6k1/6rp/5Q2/5p2/8/3P4/PP6/K7 w - - 3 36,399
8vbiA,r6k/pp3p1p/5q2/8/3p1RQ1/P7/1PP3PP/5r1K w - - 0 30,399
oMPZj,7k/ppp3p1/6Pp/7r/3p1K2/3P4/2P2P2/4R3 b - - 1 32,399
rTBjw,1R4k1/5rpp/4p3/6q1/2PpB3/3n3P/3r2P1/5RK1 b - - 1 24,399
xGJgz,3Q3k/1p4pp/p1n5/8/1P6/4q2P/4B1PN/5R1K b - - 0 29,399
5t66r,r1bqkbnr/pppnpppp/3p4/7Q/2B1P3/8/PPPP1PPP/RNB1K1NR b KQkq - 3 3,399
WInnN,1rb2k1r/p2p1R1p/1p1P1qpb/3Q4/2B5/8/PP3PPP/R5K1 b - - 1 18,399
SaCH9,2k5/8/R1K5/8/8/8/8/1r6 b - - 2 84,399
ofy7J,8/2P1P3/8/6P1/P7/6k1/4R1P1/1r3RKr w - - 3 48,399
dqBYP,2r4k/5Bp1/b6p/8/8/4pP2/6PP/R5K1 w - - 0 33,399
DP9pE,r2r2k1/4pp1p/6p1/8/p1p1q3/PpP1P3/4RPPP/1Q4K1 w - - 0 26,399
8FaCM,6k1/p4ppp/8/3qP3/1P2Q3/P7/5PPP/2R3K1 b - - 0 28,399
qNObu,r1bq1rk1/pp3p1p/4p2p/3pP3/1b1P4/3Q3P/PP2KPP1/RB5R b - - 3 15,399
ug73I,r5k1/5pp1/4p2p/8/1pR5/1PbB3P/P4PP1/6K1 b - - 7 28,399
KLEkA,7k/6p1/1p3bKp/p1r5/2B3PP/1P6/P3R3/8 b - - 2 41,399
A9AXM,4rbk1/1b4R1/1p1pq2p/p1p5/PnP5/1PQ5/1B3PPP/R4BK1 b - - 0 26,399
ZzfuN,2R5/pp3ppk/7p/4r3/3r4/8/PP3PPP/4R1K1 w - - 2 23,399
zrH18,r3r1k1/ppb2ppp/3qp3/2p1N3/3P4/2P5/PP2QPPP/3R1RK1 w - - 0 19,399
InAr3,r2q1rk1/p4ppp/n1p1p3/1p1p4/2PP1Bb1/bP2P3/2QN1PPP/RB2K2R b KQ - 1 16,399
6ydL2,3r3k/p5pp/1p4p1/n2Q4/1P6/P6P/6P1/5RK1 b - - 0 35,399
U89O9,3rR1k1/1pp2ppp/p7/8/8/8/Pq3PPP/2R1Q1K1 b - - 5 22,399
RYihN,4r1k1/5p2/2p2p1p/3p1P1P/3P4/2p2P2/PpP5/K5NR w - - 0 30,399
DOxmv,3r2k1/2R2pp1/p3p2p/1p2P3/6Pn/1P3B2/P4P1P/6K1 w - - 1 27,399
E7bx9,2Q5/1p3p1k/2N2Ppp/pPqpp3/P7/4P3/5PPP/6K1 w - - 4 32,399
qLgkd,3r3k/6pp/8/8/8/1P4p1/P1P3PP/3rR2K w - - 0 45,399
Qy9Ov,r5k1/5ppp/2p5/8/5p2/3P4/P4PPP/4R1K1 b - - 3 26,399
4jjnI,4R3/2R3pk/7p/6b1/5p2/6BP/r3bPP1/6K1 w - - 0 39,399
BQisa,2r3k1/p4ppp/2N1p3/3p4/8/P3r3/1R4PP/6K1 b - - 1 25,399
T2yLz,1r3rk1/5p1p/R3p1p1/4N3/3N4/4P1P1/6PP/Rq5K w - - 6 30,399
nten8,8/pp3pk1/2p3p1/4b2r/4r3/3B4/PPP3R1/1K5R w - - 0 30,399
6kZUY,1k1r3r/pp2b2p/2pp1p2/4pPqp/4P3/P1PP1R1R/BP2Q1PP/7K w - - 0 23,399
HPpvA,6k1/4bppp/p3pn2/qp6/P7/1Q6/1Pr2PPP/R2N2K1 w - - 0 22,399
hGODq,5rk1/1p5p/p2p2p1/1P2b3/2PNP3/1R5P/6P1/3Q1q1K w - - 3 39,399
