fen,answer,reasoning
"6k1/1p2r1p1/p2N3p/2R2p2/P2Q4/3P4/5PPP/3Rq1K1 w - - 4 30","d1e1","The White King is currently in check by the Black Queen on e1. Given the placement of the White pawns on f2, g2, and h2, the King has no flight squares available. The only legal move to escape the check is to capture the attacking Queen with the White Rook located at d1."
"r1b2r1k/ppq3pR/2n2p2/4p1B1/3p4/1B1P4/PPP2PPP/R2Q2K1 b - - 0 16","h8h7","The Black King is currently under check from the White Rook on h7. I must evaluate the available legal responses, which involve moving the King, blocking the check, or capturing the attacking piece. The adjacent square g8 is controlled by the White Bishop on b3, making it inaccessible. Therefore, the only legal option for Black is to capture the Rook."
"3rR1k1/5ppp/5b1n/1Q6/3p4/1P4P1/P4P1P/6K1 b - - 1 32","d8e8","The black king is currently in check from the white rook on e8. The king has no safe squares to move to, and there is no way to block the check on f8. Therefore, the only legal move is to capture the white rook with the black rook on d8."
"5rk1/pp5p/2p1q3/2b2p2/2P5/1P1R4/3R2PP/3Q3K w - - 0 25","d3g3","White has a decisive tactical sequence starting with a rook check on the g-file. By playing Rg3+, White forces the Black King to the corner (Kh8), as moving to f7 leads to a quick mate or heavy material loss. Once the King is on h8, White can follow up with Qa1+, skewering the King and Queen or forcing a trade that leaves White with a winning material advantage (Rook vs Bishop)."
"5r1k/1pp1r1pp/p1nn4/5p1Q/P7/5P2/B2R2PP/B2Rq2K w - - 6 29","d1e1","The White King on h1 is currently in check from the Black Queen on e1. The King has no legal squares to move to, as g1 is covered by the Queen and h2 is blocked by a friendly pawn. Interposing a piece is impossible because the attack is adjacent on the first rank. Therefore, the only legal move for White is to capture the enemy Queen with the Rook on d1."
"4QR1k/7p/p5n1/8/8/1P6/q5PP/7K b - - 0 31","h8g7","The Black King on h8 is currently in check from the White Rook on f8. Black has two main legal responses: capturing the Rook with the Knight (g6f8) or moving the King to g7 (h8g7).
Analyzing the capture g6f8: If the Knight takes the Rook, the White Queen on e8 is unblocked and can recapture on f8 (Qxf8#), resulting in immediate checkmate.
Analyzing the King move h8g7: This square is not attacked by the White Queen or Rook, allowing Black to escape the check safely and continue the game.
Therefore, moving the King is the only move that avoids immediate loss."
"rn5k/pp1n2pp/2p5/8/3RPp2/8/PP4PP/4R1K1 b - - 0 20","h8g8","The position shows a material imbalance where Black possesses two knights and a rook against White's two rooks, but Black's pieces—particularly the knight on b8 and rook on a8—are undeveloped and uncoordinated. White controls the central files and possesses a potentially dangerous passed e-pawn. The immediate priority for Black is prophylaxis: the king on h8 is cornered and potentially vulnerable to back-rank themes. Bringing the king to g8 improves safety, unpins it from the corner, and prepares to centralize the king for the endgame while maintaining flexibility."
"2r1r1k1/p4ppp/bpq1pn2/8/2B5/1PQ1P3/PB3PPP/2R2RK1 b - - 0 17","b6b5","The position presents a tactical opportunity for Black based on the alignment of pieces on the c-file and the a6-f1 diagonal.
Black's best move is **1... b5**, attacking the White Bishop on c4.
White's Bishop is ""pinned"" to the Queen on c3 in a positional sense (if the Bishop moves, the Queens face each other).
1. If White plays **2. Bxb5**, Black responds with **2... Qxb5**, winning a piece (Bishop for Pawn), as White's Queen cannot recapture without being lost.
2. Therefore, White is forced to simplify with **2. Qxc6 Rxc6**.
3. In the resulting position, the White Bishop on c4 is attacked by the pawn on b5. The critical point is that the escape square or capture **Bxa6** is physically **blocked** by the black pawn on b5 (which lies on the a6-c4 diagonal).
4. White's other options fail to save the piece:
   - **3. Bxb5** allows **3... Rxc1 4. Rxc1 Bxb5**, leaving Black up a piece.
   - **3. Be2** or **3. Bd3** allows **3... Bxe2** or **3... Bxd3**, winning the piece directly.
Thus, **1... b5** forces a winning material advantage for Black."
"r1b3k1/pppp1rpp/8/8/4P1Q1/4R3/P5PP/4Rq1K w - - 2 17","e1f1","The White King on h1 is currently in check from the Black Queen on f1. A comprehensive analysis of the position reveals that the King has no flight squares, and there are no pieces available to block the check. Consequently, the only legal move available to White is to capture the Black Queen with the Rook on e1."
"r2Q1k2/4nppp/7n/3RP3/5P2/6PP/PPP5/2K5 b - - 4 33","a8d8","The current position shows the black king on f8 in check by the white queen on d8. The king has no escape squares, as they are either blocked by his own pawns or covered by the check. Additionally, the black knight on e7 cannot capture the queen or block the check on e8. The only legal option for Black is to capture the white queen with the rook on a8."
"4r2k/p3r2p/3p1p2/1p1P4/1Q6/PB1P4/1PP2PPP/R5K1 w - - 2 23","h2h3","White possesses a decisive material advantage with a Queen and Bishop against Black's two Rooks. However, White faces an immediate threat of back-rank checkmate via ...Re1#. Defending the back rank with the Queen (e.g., Qe1) would result in an unnecessary loss of material. The most prudent and effective solution is to create a flight square (""luft"") for the King. Moving the h-pawn to h3 eliminates the mating threat while preserving White's material superiority and winning position."
"r1bqn2k/pp2b1pp/2p5/4P1N1/2pP1Q2/8/PP3PPP/R4RK1 b - - 0 17","e7g5","The position features an immediate tactical threat from White's knight on g5, which targets f7 for a potential royal fork on the king and queen, while also contributing to mating attacks on the back rank. Black's best response is to capture this dangerous piece immediately with the bishop on e7. This move eliminates the tactical threats, as Black's queen on d8 adequately defends the f8 square against any back-rank checkmate attempts. Capturing the knight leaves Black with a material advantage and a safer position."
"4r2r/pp4Rk/2pp3q/4nP2/2P5/2NP2QP/PP6/6RK b - - 0 36","h6g7","The Black King on h7 is currently in check from the White Rook on g7. The King cannot move to h8 or h6 as those squares are occupied by Black's own pieces, and moving to g8 or g6 is illegal because they are controlled by the White Rook. Furthermore, the King cannot capture the Rook on g7 because it is protected by the White Queen on g3. Consequently, the only legal move available is for the Black Queen to capture the White Rook."
"r1b4k/pp1p2pp/8/3p4/8/3N1q2/PPP2P1K/4RR2 b - - 3 29","f3h5","Black is currently winning in material but faces an immediate threat of back-rank checkmate (Re8#) since the Black King on h8 is trapped by its own pawns and the White Rook on e1 controls the open file. Black must prevent this mate immediately. The most forcing and effective way to defend is to check the White King, disrupting White's plan.

The move 29... Qh5+ (f3h5) delivers a check to the White King on h2. This forces White to respond (e.g., Kg1), buying Black the necessary time to consolidate (for example, by playing h6 next to create an escape square) or continue the attack. Passive defensive moves allow White too much freedom, whereas checking seizing the initiative and capitalizes on Black's material advantage. Other checks like Qh3+ are blunders (Kxh3), but Qh5+ is safe and strong."
"6Qk/p5pp/2pp4/1p6/1b6/1P1P2PP/1qP2R2/3K1R2 b - - 0 26","h8g8","The position presents a forced sequence where the Black King is currently in check by the White Queen on g8. Upon evaluating the legal options for Black, it is evident that the King has no flight squares available, and there are no pieces capable of blocking the check or capturing the Queen from a distance. Therefore, the only legal move available to Black is to capture the White Queen with the King."
"r2k1Q1r/p1q1n3/1pP1p2p/1B1pP3/1P1P4/P4R2/8/R5K1 b - - 4 28","h8f8","The Black King is currently in check by the White Queen on f8. To continue the game, Black must address this check immediately. Analyzing the possible responses, the King has no safe squares to move to because the adjacent squares are either occupied or controlled by White's pieces (specifically the pawn on c6 covering d7 and the Queen covering the 8th rank). Blocking the check is impossible as the Queen is adjacent to the King. Consequently, the only legal option available to Black is to capture the White Queen with the Rook on h8."
"1r5k/8/5R1K/8/5p2/8/8/8 b - - 1 61","h8g8","The position shows the Black King trapped in the corner while White's King and Rook are very active. To secure the position and avoid potential mating threats on the back rank, Black must improve the King's safety. Moving the King to g8 is the most principled continuation, as it unpins the King, steps out of the corner, and maintains the drawish nature of the endgame."
"1r4k1/5p1p/2pPp2B/3p4/2b2P2/2Q5/6PP/Rq5K w - - 5 35","a1b1","The position shows the White King on h1 is in check from the Black Queen on b1. The check is delivered along the first rank. White's options are strictly limited to blocking the check with the Queen (e.g., Qc1 or Qe1) or capturing the attacking piece with the Rook (Rxb1).

Interposing with the Queen at c1 would block the line of attack but leaves the Rook at a1 undefended, allowing Black to deliver immediate checkmate with Qxa1#. Similarly, Qe1 allows Qxe1#.

Capturing the Black Queen with the move Rxb1 forces Black to recapture with the Rook (Rxb1+) to continue the attack. While this line still leads to a lost position for White (due to back-rank weakness), it forces Black to execute a longer sequence (Mate in 2) rather than allowing an immediate Mate in 1. Therefore, capturing the threat is the best legal move to prolong the game."
"k1Q5/p4ppp/Pp2b3/3p4/3P4/3q3P/1P3PP1/2R3K1 b - - 2 28","e6c8","The position shows the black king on a8 in check from the white queen on c8. The king has no legal squares to move to, as b8 is controlled by the queen and b7 is controlled by the white pawn on a6. Interposing a piece on b8 is not possible. The only legal move available to Black is to capture the checking queen with the bishop."
"1R6/3r1k2/4p3/6Q1/6p1/5p2/5P1P/6K1 w - - 6 43","g5g7","White is facing an immediate checkmate threat on d1 and must play forcefully to avoid losing. The move Qg7+ creates a decisive attack by forcing the black king to e8, which is the only legal square. This allows White to deliver checkmate on the subsequent move."
"r1q2r1k/p1pb1p1p/2pb1p2/7R/3N4/2NQ3P/PPP2PP1/R5K1 b - - 3 16","f6f5","White has an immediate threat of checkmate with Qxh7#. Black has very limited options to prevent this. The only move that effectively blocks the Queen's diagonal to h7 and prevents immediate disaster is advancing the f-pawn."
"3r2k1/5ppp/B4n2/8/b3p3/B3P3/5PPP/2R3K1 w - - 0 25","a3e7","The position is an endgame with equal material, but White possesses the advantage of the bishop pair in an open board. The move Be7 is strong as it immediately attacks the Black rook on d8 and eyes the knight on f6. This forces a response from Black, likely leading to a structural advantage for White or a favorable simplification while keeping the white pieces active."
"6k1/1b1p3p/p3p1p1/1p3r2/8/P1QP4/BP4PP/2R2q1K w - - 2 24","c1f1","The position shows the White King on h1 is currently in check by the Black Queen on f1. Since the King has no available flight squares and interposing is not possible, the only legal move to address the check is to capture the Black Queen with the White Rook situated at c1."
"2b2rk1/2b2ppp/1pPqpn2/1P1p4/7n/4PN1P/4BPP1/BN1Q1RK1 w - - 1 18","g2g3","The position presents a critical threat from Black on the kingside. Black has established a powerful battery with the Queen on d6 and the Bishop on c7, both operating on the dark-squared diagonal aiming at h2. The Black Knight on h4 adds to the danger by attacking the defending Knight on f3. The primary threat is 1... Nxf3+, removing the defender of h2. If White recaptures (e.g., 2. Bxf3 or 2. gxf3), the h2 square is left insufficiently defended against the battery, leading to 2... Qh2#.

White must address this mate threat immediately.
- The move 1. Nxh4 removes the attacker but simultaneously removes the defender of h2 (the Knight on f3 moves away), allowing an immediate 1... Qh2#. Thus, this is a blunder.
- The move 1. Ne5 effectively blocks the diagonal and attacks the Queen, but it likely leads to exchanges (e.g., 1... Bxe5 2. Bxe5) that simplify the position without punishing Black's overextension.
- The best move is 1. g3. This pawn move achieves two objectives: it physically blocks the b8-h2 diagonal, neutralizing the battery and the mate threat on h2, and it simultaneously attacks the Black Knight on h4. This forces Black to retreat the Knight or attempt an unsound sacrifice, leaving White with a solid defensive setup and the advantage of the Bishop on a1."
"2Rk4/2p5/R1Pp1p2/3Pp1p1/4P1Pp/3K3P/5P2/7r b - - 0 49","d8e7","The Black King is in check from the White Rook on c8. Black has two main options: capture the rook (Kxc8) or move the king (Ke7). If Black plays Kxc8, White plays Ra8#, resulting in checkmate because the white pawn on c6 covers the escape squares b7 and d7, and c7 is blocked. Therefore, capturing the rook is a fatal error. Moving the king to e7 removes it from the line of fire of the c8 rook, and the square e7 is not attacked by any white piece. Thus, Ke7 is the only viable move to survive."
"8/pppk4/4p3/3p4/4P3/2NP2P1/PPP4P/2q2rQK w - - 7 33","h1g2","The position shows the White King on h1 and White Queen on g1. Black has a Rook on f1 and Queen on c1. The White Queen is absolutely pinned by the Black Rook against the King. The immediate threat is Black playing Rxg1#. White has two main options to address the King's safety:
1. Qxf1: The Queen captures the pinning Rook. However, Black's Queen on c1 will recapture with Qxf1#, delivering immediate checkmate (g2 is covered, h2 is blocked).
2. Kg2 (h1g2): The King steps out of the pin to g2. Square g2 is safe because the Black Queen is on a dark square (c1) and cannot attack the light square g2, and the Rook on f1 does not control g2. While this allows Black to capture the Queen (Rxg1), it avoids the immediate mate in 1 caused by Qxf1.
Any other move allows Rxg1#. Therefore, h1g2 is the only move that prolongs the game."
"7k/7p/p6r/4rp2/8/1B3P2/P7/2K3R1 b - - 0 34","h6g6","Black is under an immediate checkmate threat on g8, where White's rook and bishop are coordinating. To survive, Black must block the g-file. The move ...Rg6 interposes the rook, preventing the mate and forcing an exchange that leaves Black with a winning material advantage."
"r6r/p1p1kp1Q/2pqbp2/2bp1P2/8/2NB4/PPP3PP/4RR1K w - - 1 18","e1e6","The position is from the famous game Steinitz vs. von Bardeleben (Hastings 1895). White plays a brilliant rook sacrifice to exploit the pinned bishop on e6 and the exposed black king. By capturing on e6 with the rook, White initiates a forced sequence. If Black captures the rook with the queen, White recaptures with the pawn, setting up a devastating discovered check after the subsequent pawn push. If Black captures with the f-pawn, the kingside collapses. In the game, the King moved, leading to a legendary chasing sequence."
"7k/r5pp/p7/3pp3/1R6/2Pq3P/1P3r2/2KB3R b - - 0 35","f2c2","Black is under the immediate threat of a back-rank mate from White's rook, but Black has a forced mating sequence starting with a rook sacrifice. By playing the rook to c2, Black delivers a check that forces White's hand; if the bishop captures, the queen delivers immediate checkmate on c2. If the king moves to b1, a series of checks involving a discovered attack leads to mate shortly thereafter."
"4R2k/1p1b4/p1p4p/3p2pN/P2q4/3B1R1P/5PPK/8 b - - 0 32","d7e8","The position shows the Black King on h8 in check from the White Rook on e8. The King cannot move to h7 because that square is controlled by the White Bishop on d3, nor can it move to g8 which is covered by the checking Rook. Blocking the check is not possible; therefore, the only legal option is to capture the Rook with the Black Bishop on d7."
"6R1/8/3N1p1p/7k/1P4n1/2P3P1/6P1/2r1rRK1 w - - 14 41","d6f5","The position allows White to execute a forced checkmate against the exposed Black King. By moving the Knight to f5, White creates an unstoppable threat of mate on g7. Black's available checks are insufficient to disrupt the attack, and there are no defensive moves to protect the critical square or provide an escape route for the King."
"5r1k/5p2/p2q3p/1p1p4/5PQ1/P1P3R1/1r4PP/3R3K b - - 1 29","d6f6","White has set up a battery on the g-file with the Queen on g4 and Rook on g3, threatening immediate checkmate on g7. Black is forced to defend against this threat. The only move that successfully prevents the mate while keeping the position playable is to bring the Black Queen to f6, blocking the line of attack and covering the critical square."
"6n1/6kp/3r1p2/5p2/2N5/5P2/6PP/1R1q3K w - - 0 46","b1d1","The White King on h1 is currently in check by the Black Queen on d1. The King has no flight squares available, and there are no pieces positioned to block the line of attack. Consequently, the only legal move to escape the check is to capture the Black Queen with the White Rook located on b1."
"r3Q1k1/3p1ppp/p7/6q1/8/8/PP3P1P/R3R2K b - - 0 24","a8e8","The Black King is currently in check from the White Queen on e8. Analyzing the board, the King has no safe squares to retreat to, and there are no pieces available to block the check. The only legal option is to capture the checking piece with the Black Rook located on a8."
"1k6/pPp5/P6r/6p1/3b4/6P1/5pK1/3R4 b - - 3 39","h6h3","The position features Black with a passed pawn on f2, ready to promote. However, White's King on g2 and Rook on d1 control the f1 square. Additionally, White threatens a back-rank mate (e.g., Rd8#) if the d-file is opened, meaning the Black Bishop on d4 is pinned to the d-file to block the White Rook.

Direct promotion with 1... f1=Q fails because of 2. Rxf1, and if Black recaptures, White's King is well-placed to capture the Black Rook (2... Rxf1 3. Kxf1). This leads to a lost endgame for Black.
The key weakness in White's position is the undefended Rook on d1. If Black promotes to a Queen on f1, the Queen attacks d1 along the first rank.

The winning move is **1... Rh3!!**.
This move offers the Rook as a sacrifice to the White King.
- If White accepts with **2. Kxh3**, Black plays **2... f1=Q+**. The Queen on f1 delivers check to the King on h3 (via the f1-h3 diagonal) and simultaneously attacks the undefended Rook on d1. White must move the King, allowing **3... Qxd1**, winning decisive material.
- If White declines the sacrifice and moves the King (e.g., **2. Kf3** to stay close), the King is forced away from g2 and can no longer protect f1. Black follows with **2... f1=Q**, and after the exchange **3. Rxf1 Rxf1**, the White King is too far away to recapture. Black emerges up a whole Rook.
- Other moves for White, such as 2. Rh1, lose to 2... Rxh1 followed by promotion."
"8/8/6kp/2p5/1r6/8/6PP/2R4K w - - 0 43",c2c5,"Captures the hanging pawn on c5."
"r1b1r1k1/p1p1q3/2p2p1p/3p2p1/3P4/2P3P1/P1P1BPPB/R3K2R w KQ - 0 17",d3g6,"Checks the King and forks the Rook on e8 (after ...e7g7 g6e8)."
"5rk1/pp2n1pp/4pr2/4p3/4P3/2P1P3/PPQ3RP/4RqK1 w - - 0 21",e1f1,"Forced capture of the Queen to avoid immediate checkmate."
"r1b2rk1/pp3ppp/2p5/3P4/B6q/2N1Q2P/PPP2PP1/R5K1 b - - 0 16",h4a4,"Captures the undefended Bishop on a4."
"r1bqkbnr/pp1npppp/2pp4/7Q/2BPP3/8/PPP2PPP/RNB1K1NR b KQkq - 3 4",g7g6,"Blocks the Scholar's Mate threat on f7."
"rn1Q3k/6pp/ppp2b2/8/P6q/2P5/BP3PPP/R1B1R1K1 b - - 0 18",f6d8,"Captures the Queen and eliminates the back-rank mate threat on e8."
"r3k2r/1b3ppp/1p2p3/2p1P1B1/B7/b3P3/5PPP/3R1RK1 b kq - 1 17",b7c6,"Blocks the check; capturing the Bishop (a8a4) allows forced back-rank mate via d1d8."
"r2r2k1/5b2/6p1/2p1Q3/1p2P1N1/5P2/pPP3P1/1K3B2 w - - 0 29",b1a1,"King hides on a1 to avoid checkmate threats from the Black Rook and Pawn."
"rn2Q1kr/pppb1ppp/1b1p3n/8/2PP4/2N2NP1/PP3PBP/R3R1K1 b - - 7 14",a8e8,"Captures the Queen; taking with the Bishop (d7e8) allows a forced back-rank mate."
"k5nr/ppp2qb1/8/3bN1p1/6Qp/4P2P/PPP2PPB/3K1B1R b - - 6 24",d5e6,"Develops the Bishop to defend the c8 square against the threatened mate."
"6k1/3QRr1p/pp4p1/q7/P7/5bP1/1P3P1P/6K1 w - - 0 25",e7e8,"Checks the King and forces a winning sequence or checkmate."
"2r1Q1k1/5ppp/2p5/1p4B1/p7/3P4/r4PPP/3KR3 b - - 1 28",c8e8,"Forced capture to prolong the game against inevitable mate."
"2r2rk1/p3nppp/1p6/4Pbq1/1P1Q4/P3PB2/3R2PP/5RK1 b - - 4 24",c8d8,"Skewers the White Queen, forcing a trade or loss of material while seizing the d-file."
"3rr1k1/6pp/1R6/p3pP2/P7/8/2P1qPPP/4R1K1 w - - 0 29",b6b1,"Defends the back rank (e1); capturing the Queen (e1e2) leads to mate via d8d1."
"r2Q2k1/1p3ppp/p3bnq1/2p1p3/2P1P1P1/P1N4P/1P3PB1/3RK2R b K - 0 20",g6e8,"Blocks the check and trades Queens; capturing leads to back-rank mate."
"k7/pb1r1ppp/1p1Bp3/4P3/3P4/5N1P/q4PP1/2Q3K1 b - - 0 23",b7f3,"Captures the Knight; White's back rank threats are not currently decisive."
"4r1k1/1r3ppp/p7/1pp5/4QP2/P3P3/1P4PP/1R1R2K1 b - - 0 23",b7b8,"Defends the e8 Rook to prevent back-rank mate; taking the Queen (e8e4) is a blunder."
"r3Q1k1/ppp2ppp/1q6/3p4/8/8/PPPN1PPP/R3R1K1 b - - 0 17",a8e8,"Forced capture to prevent immediate checkmate."
"r4q1k/p2PbQpp/2p5/3p4/8/2P5/P5PP/R1B4K w - - 1 20",f7f8,"Captures the Queen to simplify into a winning endgame."
"5rk1/1q4p1/4p1Qp/p2pP3/P1nP4/4n3/4N1PP/1R4K1 w - - 0 30",h2h3,"Creates a flight square (h2) to avoid back-rank mate; capturing the Queen (b1b7) allows ...f8f1."
"4Q2k/6pp/p5b1/1p6/3P2Pq/7P/P1P4K/2R2R2 b - - 0 28",g6e8,"Captures the Queen, removing the check and winning material."
"r4rk1/pb2nppp/1p2p3/3q4/2pP4/2P1QN2/P1P1BPPP/1R1R2K1 w - - 4 16",f3g5,"Threatens e2f3 to trap the Black Queen or force favorable exchanges."
"2kQ4/ppprn3/7p/3R2p1/8/P7/6PP/3R2K1 b - - 0 29",d7d8,"Captures the Queen and defends the d-file."
"r4Q1k/1p1b2pp/p1q5/8/1P6/P1N1n3/4B1PP/R4R1K b - - 2 25",a8f8,"Forced capture to escape immediate check, though mate follows."
"8/1Q3p1k/2P3pp/p4q2/P7/5pP1/1P3P1P/6K1 w - - 2 35",b7f7,"Checks the King and advances the c-pawn, creating counter-threats."
"r2q1r1k/ppp1b1p1/2np3B/3Bp3/PP6/3P1N1b/2PQ1PP1/R4RK1 b - - 0 15",f8f3,"Sacrifices the exchange to destroy White's King safety and remove a defender."
"2Q1r1k1/6bp/8/1p2q3/8/P2Bp3/1P6/1K1R2R1 w - - 1 35",c8e8,"Deflects the Black Queen from the mating threat on b2."
"6k1/p3bpp1/2p1p2p/q1Pp4/P2Pn3/4PN2/2Q2PPP/1N4K1 w - - 1 21",f3d2,"Challenges the centralized Knight and prepares to develop."
"2r3k1/Qp2ppbp/6p1/6P1/3Pp2P/4P3/PP3P1B/K1q3R1 w - - 5 26",g1c1,"Forced capture of the Queen to prevent immediate loss, though mate follows."
"2kr4/ppp2ppp/5b2/4p3/2N2n2/1PP2P1P/P3NP2/R2r1K1R w - - 5 18",a1d1,"Forced capture to escape the back-rank mate threat."
"2rr3k/5p1p/4pp2/p1p5/3P2q1/1P1Q3R/P4PPP/R5K1 b - - 3 30",f6f5,"Blocks the diagonal to prevent the threatened checkmate on h7."
"1r1r3k/p4pb1/7p/2p1P3/7P/5N1B/PP4Q1/K2q2R1 w - - 4 28",g1d1,"Forced capture of the Queen to prevent back-rank mate."
"3r2k1/p3p2p/5bp1/4p3/8/N1P5/PP1r1PPP/1R3RK1 w - - 4 19",a3c4,"Attacks the active Rook and brings the Knight into play."
"r1bqkbnr/p2p1ppp/1p2p3/2p1P1N1/2P5/5Q2/PPP2PPP/RNB1K2R b KQkq - 1 9",g8h6,"Develops the Knight to defend the f7 square against checkmate."
"r1b1k3/pp1q1p2/1bpp1P2/6p1/2B1P3/2P2QP1/PP4Kr/3R1R2 w q - 0 22",g2h2,"Captures the Rook; the follow-up check is covered by the White Queen."
"r2q1rk1/p4pp1/1pn2N1p/3p4/3P4/3Q4/PPB2PPP/R4RK1 b - - 0 16",d8f6,"Captures the Knight to delay the inevitable mate on h7."
"r1b1r1k1/ppp2ppp/8/3R4/8/P4n2/4BPPP/R1B3K1 w - - 0 17",g2f3,"Captures with the pawn to avoid the back-rank mate allowed by bishop capture."
"2rq1rk1/p3bpp1/1p2pN1p/4n3/3P4/3Q1P2/PPB2P1P/R4RK1 b - - 4 18",e7f6,"Forced capture; other moves allow immediate mate."
"2r3k1/p2b1pp1/7p/4p3/4B3/P2P4/5PPP/1R4K1 w - - 1 22",h2h3,"Creates a flight square for the King to prevent back-rank mate."
"r4rk1/ppp2ppp/2n5/3p4/3P2b1/2PQP3/PPBB1K2/R5Nq b - - 2 23",h1h2,"Checks the King and keeps the initiative to prevent White's mate threat."
"r1b2rk1/4b1pp/p1p5/3pq3/3N4/8/PPP1Q1PP/R1B4K w - - 0 18",c1e3,"Develops the Bishop to block the back rank and defend against the threat."
8/1R6/6pk/1P6/pr5P/6K1/8/8 b - - 0 50,a4a3,"Black pushes the passed pawn a4a3 to create a decisive promotion threat that White's rook cannot easily stop without losing the race against the b-pawn."
6k1/6p1/3P3p/3r4/p4p2/8/PP3PPP/4R1K1 w - - 1 36,e1e8,"White plays e1e8 check forcing g8f7. This allows White to then push d6d7. If Black tries to mate with d5d1, White can retreat e8e1 to block."
8/6k1/p5p1/8/1N6/1P2PB2/1r3PPP/2R3K1 w - - 3 42,b4a6,"White captures the undefended pawn with b4a6, winning material while maintaining a safe position."
r1bq1rk1/pppn1ppp/3bp3/8/3PQ3/3B1N2/PPP2PPP/R1B1K2R b KQ - 0 9,d7f6,"Black plays d7f6 to block the mate threat on h7 while simultaneously developing a piece and attacking the White queen."
4r1k1/1p6/p5p1/2N2pp1/1P1P4/P4bP1/5P1P/3R2K1 w - - 3 26,d1c1,"White's rook is under attack by the bishop; d1c1 moves the rook to safety and controls the open c-file."
4Q3/pp4pk/1p1P1prp/1P6/P7/5n1P/1B3P1P/RN5K w - - 1 28,e8e1,"White must play e8e1 to defend the g1 square against the imminent g6g1 checkmate threat."
4r1k1/p4ppp/1p1P1n2/1Qp1r3/2P5/5B2/3R1PPP/3R2K1 w - - 5 24,d2e2,"White plays d2e2 to trade rooks or defend the e-file, preventing Black's threatened back-rank mate e5e1."
2r2rk1/pQ3p1p/3Rn1p1/8/4P3/8/PP6/K1qR4 w - - 2 25,d1c1,"White is in check; the only legal move is d1c1 capturing the queen, though mate c8c1 follows shortly."
r3kb1r/ppqn1pp1/2p1p3/7p/2PP2nB/2N2B1P/PP3PP1/R2Q1RK1 w kq - 1 13,h4g3,"White retreats the bishop to h4g3 to avoid exchange and solidify the kingside defense against Black's aggression."
2r3k1/p4ppp/1p6/4r3/1P1Rp3/1P5P/6P1/R5K1 b - - 0 29,e4e3,"Black pushes the passed pawn e4e3 to advance toward promotion, utilizing the rook's support."
r3r1k1/pQ4pp/2p2p2/3p4/2P2B2/8/P4NPP/2R1q2K w - - 1 26,c1e1,"White captures the queen with c1e1 to stop the back-rank mate threat."
5k2/5p2/R4P1p/7n/3r4/7P/P5K1/8 b - - 1 49,f8g8,Black moves the king to f8g8 to step out of the potential back-rank mating net threatened by White's rook.
r2qkb1r/1b3p1p/2p3p1/1p1pP3/p2P1Q2/P3B2P/BPP3P1/R4RK1 b kq - 3 18,d8e7,"Black plays d8e7 to defend the f7 pawn, which is under pressure from White's queen and bishop."
2k2bnr/ppp2ppp/8/3r4/8/2P4P/Pn2NPP1/RNB2K1R w - - 0 13,e2d4,White plays e2d4 to block the d-file; moving the bishop c1b2 would allow d5d1 checkmate.
r5r1/pp4k1/3qb2p/1Bbp4/1P5n/P1N5/2PQ1PP1/R4RK1 b - - 0 20,h4f3,Black plays h4f3; capturing with g2f3 allows a deadly discovered check/attack leading to mate.
3rr1k1/p3qppp/1pp5/3p1n2/2P3Q1/1P5R/PB3PPP/R5K1 w - - 0 26,g2g3,"White plays g2g3 (or similar luft) to prevent the back-rank mate threat e7e1, as the rook is overloaded."
r2qk1nr/p1pp1p1p/1pn1p1N1/8/2PP2P1/2P2Q2/P6P/R1B1KR2 b Qkq - 0 18,f7f6,Black plays f7f6 to block the f-file and prevent White's threatened f3f7 checkmate.
3r3k/6pp/1p3n2/p1p5/2B3P1/2Q5/PP5P/K2qR3 w - - 1 35,e1d1,White captures the black queen with e1d1 to remove the checkmate threat.
"5b1r/6pp/R3p1k1/3b4/P3rB2/8/1P3PPP/3R3K w - - 5 28",d1d5,"Captures the bishop on d5; the pawn on e6 cannot recapture due to the pin by the rook on a6."
"6k1/6p1/p6p/1p3N2/rP6/4r3/6PP/4R2K w - - 0 33",f5e3,"Captures the rook safely; capturing with the rook (e1e3) allows back-rank mate via a4a1."
"B3rQ1k/6pp/8/p3q2n/1p6/4B2P/8/R4RK1 b - - 1 30",e8f8,"Forced capture to escape check, though mate follows."
"6k1/5pp1/p2r3p/1pp1b3/8/1PPB3P/P1K1R1P1/8 b - - 1 29",c5c4,"Attacks the bishop; if d3c4, d6c6+ forks the King and Bishop, winning the piece."
"8/6k1/5rp1/7p/5K1P/6P1/3R4/8 w - - 4 45",f4e3,"Moves the King to safety; f4g5 is a blunder leading to forced mate via f6f5."
"4R2k/2p2rpp/8/3P4/3b4/2N4P/6P1/7K b - - 1 33",f7f8,"Forced move to block the check, leading to mate."
"rnbqkb1r/pp1np1p1/2pp1p1p/7Q/2PPP2B/2N5/PP3PPP/R3KBNR b KQkq - 1 7",g7g6,"Blocks the check from the Queen."
"r1bq1rk1/pp1nbppp/4p3/3pP3/5B2/3QP3/PPB2PPP/RN2K2R b KQ - 2 11",g7g6,"Blocks the c2-h7 diagonal to prevent the threatened checkmate."
"2R1qQ1k/pr4pp/8/8/4r3/PB6/KP3P1P/8 b - - 3 33",e8f8,"Forced capture to escape check, resulting in mate."
"5Q1k/2p3pp/p7/1p5/3P4/1P2P3/P2q1rPP/R4RK1 b - - 0 26",f2f8,"Forced capture to block the check."
"6k1/1p2nppp/pqr1p3/b2pP3/QP1P4/P3BP2/4NP1P/5RK1 b - - 0 19",b6b5,"Counter-attacks the White Queen to disrupt the attack on the bishop."
"5r2/p7/1p2k3/4b3/2R5/4R2P/P5P1/7K w - - 5 42",c4e4,"Pins the bishop on e5 to the King, winning the piece."
"6k1/1pq1b1pp/p2pp2r/8/n2BPN2/6Q1/2P3PP/5R1K b - - 3 26",e7f6,"Develops the Bishop to defend the g7 square against the mate threat."
"2B5/k7/p2p1b2/2pPqP2/2P1p3/1Q4P1/1r6/1K1R4 w - - 0 37",b3b2,"Captures the checking rook and simplifies into a winning endgame."
"6k1/5pp1/7p/1R1N4/3r1PP4/5K1P/3b4/8 b - - 3 44",d4d3,"Deflects the White King, leaving the Knight on d5 undefended for capture."
"4rrk1/2ppNp1p/pb5p/1p2P1q1/4Q3/7P/PPB2PP1/R3R1K1 b - - 5 25",g8g7,"Moves the King to escape the check; capturing allows immediate mate via h7."
"2b1rRk1/np4p1/1b4p1/pP1p2N1/P2N4/B1r4P/6P1/5R1K b - - 1 30",e8f8,"Forced capture to escape check."
"5Q1k/7p/6pP/p1q1P1P1/1n6/2N5/1P6/1K3R2 b - - 0 41",c5f8,"Forced capture to escape check."
"1k2r3/ppp5/7p/2Pp2p1/Q7/4B3/5PPP/2q3K1 w - - 0 33",e3c1,"Captures the Black Queen to stop the back-rank mate threat."
6k1/1b3ppp/2p5/1pP5/3RP3/6P1/r1B2P1P/6K1 b - - 0 25,g7g6,"Black plays `g7g6` to create luft for the king, preventing the back-rank mate threat `d4d8` while maintaining the attack on the bishop."
5k2/3R1p2/5P1R/1p4pp/8/2K5/P1P5/3rr3 b - - 2 46,d1c1,"Black forces a series of checks starting with `d1c1` to utilize the active rooks and avoid the mate threat on h8 or d8."
1R1b1R2/3r3k/5p2/2p1p1p1/4n3/8/B5PP/6K1 w - - 2 42,b8d8,"White captures the pinned bishop with `b8d8` (or `f8d8`), simplifying into a winning endgame with extra material."
3n2k1/2q3p1/p6p/4p3/8/Q4bB1/1P3PPP/6K1 w - - 0 26,a3f3,"White captures the loose bishop with `a3f3`, maintaining material equality and improving the queen's position."
r4rk1/pp2b1pp/2pqbn2/3p4/1P1P3P/P1P1P3/6Q1/RNB1KBR1 b Q - 2 18,f6g4,"Black plays `f6g4`, interfering with the White queen and rook battery to prevent the threatened `g2g7` checkmate."
r1bq1rk1/1pp2pp1/p3p2p/4B3/3P2n1/P2QP3/2B2PPP/R3K2R b KQ - 2 16,f7f5,"Black plays `f7f5` to block the `c2-h7` diagonal and stop the `d3h7` checkmate threat."
6k1/pppq2pp/4p3/1P6/P1PPp1n1/B3P3/6PP/5QK1 b - - 0 21,h7h6,"Black plays `h7h6` to give the king an escape square, preventing the back-rank mate threat from `f1f8`."
6k1/5p2/3B2p1/1p1R3p/4R3/pPr5/P4PPP/6K1 w - - 0 28,h2h3,"White plays `h2h3` to create luft, preventing the back-rank mate threat `c3c1` before pursuing offensive operations."
r2b2k1/pp5p/3N1n2/2pP4/2P2p2/1P6/PB4Kp/4R3 b - - 0 27,f4f3,"Black plays `f4f3`, forcing the white king to move and clearing lines for the promotion threat or tactical complications."
3r2k1/6pp/8/pR6/2p5/P7/1P3PPP/1R1r2K1 w - - 1 27,b1d1,White must play `b1d1` to capture the rook and prevent back-rank checkmate.
r4k2/1bp1bp2/p3p1p1/1p1q4/3P4/P1PQ2N1/5PPP/R4RK1 w - - 1 18,f2f3,White plays `f2f3` to block the `d5g2` checkmate threat while solidifying the kingside pawn structure.
r4rk1/ppq2pp1/2n1p2p/3p4/1P1P1b2/2PQ1P1P/P1B2PK1/RN3R2 b - - 2 17,f7f5,Black plays `f7f5` to shut down the `c2-h7` diagonal and prevent `d3h7` checkmate.
8/1k3pp1/p1b5/7p/5P1P/2Nr2P1/PP3R2/5K2 w - - 4 32,f2d2,"White plays `f2d2` to offer a rook exchange or defend, avoiding `c3e2` which would lead to immediate back-rank mate `d3d1`."
k3r3/1p1r3p/p1p3p1/4b1Q1/4p3/R1P1B2P/1P3PP1/R2q3K w - - 6 33,a1d1,White captures the queen with `a1d1` to avoid the forced back-rank checkmate.
2r2rk1/pb3ppp/1p2p3/2pnP1q1/P2P4/2PQ2B1/5PPP/1BR1R1K1 b - - 1 19,g7g6,Black plays `g7g6` to block the `b1-h7` diagonal and prevent the `d3h7` checkmate threat.
r1bq1Q1k/p5pp/2pp4/1pn1p3/4P3/P1NPP2P/1PP3P1/R4RK1 b - - 2 17,d8f8,"Black plays `d8f8` to capture the white queen, though the position remains lost due to the follow-up mate threat."
r3k1nr/pppb1pbp/4pqp1/3P2B1/7P/3n2N1/PPPQ1PP1/2KR1BNR w kq - 3 12,d2d3,"White captures the knight with `d2d3` to remove the check and win material, as the knight was undefended."
8/5k2/1P1r4/5p2/3BbP2/6p1/1R4P1/6K1 w - - 1 56,b2d2,"White plays `b2d2` to defend the pinned bishop on d4, which cannot move due to the back-rank mate threat `d6d1`."
7k/7p/1N6/p3rp2/1b6/3r1P2/PPP3PP/1K1R4 w - - 0 29,c2d3,White captures the rook with `c2d3`; capturing with `d1d3` would be a blunder leading to `e5e1` back-rank mate.
"r4rk1/p1qn1ppp/3bp3/1p1P4/2p1QP2/2P4P/PPB3P1/R1B2RK1 b - - 1 17",d7f6,"Blocks the checkmate threat on h7 and attacks the White Queen."
"4r1k1/p3Nppp/6b1/6P1/8/2R5/PP6/2K1n3 b - - 3 31",g8h8,"Moves the King to safety; capturing the Knight (e8e7) allows a forced back-rank mate via c3c8."
"rn2kb1r/1b3ppp/p1q1pn2/1pp5/5B2/2NP1NP1/PPP1BP1P/R2QR1K1 w kq - 2 11",e2f3,"Blocks the long diagonal to break the pin on the f3 Knight."
"4r1k1/5p2/2p4p/3p2p1/1Q1P4/2P4b/P4P1P/1B4rK w - - 0 31",h1g1,"Forced capture to escape immediate check, though e8e1 follows with mate."
"r4k2/ppRQ1pp1/8/3p4/1P1Pp1N1/P3Prp1/1B4N1/6Kq w - - 6 34",g1h1,"Forced capture of the Queen to prevent immediate mate."
"6k1/Q4ppp/4p3/8/3P4/4q3/PP4RP/2r4K w - - 1 26",g2g1,"Forced block with the Rook to prevent immediate mate."
"k7/2r5/7R/8/P7/1R4p1/1P3PP1/6K1 w - - 0 33",f2g3,"Captures the pawn to prevent back-rank mate via c7c1."
"3r4/ppp1b1kp/6p1/8/4PQ2/1P6/P1P2PPP/2Rq2K1 w - - 1 26",c1d1,"Captures the checking Rook and defends the back rank."
"r1Q4k/p4rpp/pb1pp3/4q3/1P2P3/P5N1/5PPP/2R2R1K b - - 0 21",a8c8,"Captures the Queen and defends the back rank against mate."
"rn2k1r1/pbp2p2/1p2pB2/3qP3/2B5/2P5/P1P2PPP/R2QK2R b KQq - 2 14",d5c4,"Captures the attacking Bishop; taking g2 allows counterplay."
"6k1/5ppp/4p3/3r4/6Nb/5P2/R4PKP/8 b - - 13 33",h7h5,"Creates a flight square for the King (luft) to avoid back-rank mate threats."
"r3r1k1/1pp3pp/p4p2/2Q2N2/8/P7/1P3PPP/R3q1KR w - - 3 23",a1e1,"Forced capture of the Queen to escape check, though mate follows."
"2rQ3k/6pp/5p2/6q1/2B1P3/8/P4PPn/3R3K b - - 3 26",g5d8,"Captures with the Queen to cover the back rank; capturing with the Rook allows mate."
"7k/pp2r1pp/8/8/4Qp1P/2P5/PP6/1K1R4 b - - 0 31",h7h6,"Creates a flight square to prevent back-rank mate on d8."
"4r1k1/pp3pbp/2P3p1/2Rp4/3P4/P7/1B3PPP/2R1r1K1 w - - 1 25",c1e1,"Forced capture to escape check, resulting in inevitable mate."
"4r1k1/pp3ppp/r3b3/2p3P1/2Pb3P/1P1N1Q2/K1PB1P2/3R3R w - - 1 28",a2b1,"Forced King move to escape check, leading to mate on a1."
"r3rn1k/pp3B1p/2p5/8/8/1P2PNR1/P1q2PP1/5RK1 b - - 0 26",f8g6,"Blocks the g-file to prevent immediate mate on g8."
"1br2rk1/ppq2ppp/1np2pb1/8/2PP4/1P1B1N1P/PB2QPP1/R3R1K1 b - - 6 16",g6d3,"Trades the Bishop to simplify and remove a strong piece."
"8/3b1pbk/2p3p1/1p1p3p/1q1P1Q2/1PNBP2P/5PPB/6K1 w - - 6 36",f4f7,"Attacks the Bishop on d7 and creates threats against the Black King."
b7/q7/p3Q1pk/1p5p/8/P1NN2PP/1P3r1K/3R4 w - - 1 38,d3f2,"White must play `d3f2` to capture the rook and delay the mating attack, as other king moves lead to immediate forced mate."
5Q1k/1p4pp/4p3/p3P3/3P3P/q3B3/2r3P1/5RK1 b - - 0 23,a3f8,Black plays `a3f8` to capture the checking Queen and prevent the back-rank mate `f1f8`.
r3kb1r/pp3p2/3qpQ2/3p2p1/N5np/4P3/PPP1NPPP/R1B2RK1 w kq - 1 16,g2g3,White plays `g2g3` to block the diagonal and prevent the threatened `d6h2` checkmate.
r1r3k1/3Q1pp1/1R5p/3pP3/3n4/8/P4PPP/5qK1 w - - 0 23,g1f1,"White's only legal move is `g1f1` to escape check, though `c8c1` mate follows immediately."
6k1/5p2/2p2p2/2Pp4/3Q1PP1/5P1p/7P/2qRr1K1 w - - 5 31,d1e1,White captures the checking rook with `d1e1`; `g1f2` would lead to mate via `c1e3` or similar.
5kr1/p4p1p/5Bp1/3R4/r7/5P1P/6PK/8 b - - 0 31,a4a8,Black plays `a4a8` to defend the d8 square against the threatened checkmate `d5d8`.
r4rk1/1b2bppp/p3p3/1p1qP3/8/P2BB3/1PP1Q1PP/R4RK1 w - - 0 17,d3h7,White plays `d3h7` (Greek Gift sacrifice) to expose the Black king; if `g8h7` `e2h5` follows with a winning attack.
r2Q4/pb3Rpk/1pqp3p/2p1p3/2P5/P3P3/6PP/2R4K w - - 1 26,f7g7,"White plays `f7g7` check; after `h7g7`, `d8f6` forces the king into a mating net."
6k1/R5p1/4pp2/7p/3P4/P2bP3/1r3PPP/2R3K1 w - - 0 29,h2h3,"White plays `h2h3` to create luft for the king, preventing the back-rank mate threat from `b2b1`."
rk1rn3/1pp5/p1p3pp/8/6Q1/6B1/PPP2PPP/6K1 w - - 2 29,h2h3,"White plays `h2h3` to create an escape square for the king, preventing the back-rank mate threat on d1."
r2r1k2/6pp/4Bp2/p1p5/Pp2R3/2P5/1n1R1PPP/6K1 w - - 0 23,d2d8,White plays `d2d8` to trade rooks; `d2b2` is not possible because of `d8d1` back-rank mate.
3r1Q1k/pp4p1/2p4p/q3P3/3P4/3B3P/PP4PP/5RK1 b - - 2 30,d8f8,"Black is forced to play `d8f8` to capture the Queen, though `f1f8` leads to mate on the next move."
8/p4kpp/2q3r1/2p2p2/1P3p2/P1PP4/3R1PPP/3Q2K1 w - - 4 26,f2f3,White plays `f2f3` to block the long diagonal and prevent `c6g2` checkmate.
1r4kb/1B3p1p/p3p1pP/1pB5/8/P4P2/5PK1/3R4 b - - 0 29,b8e8,Black plays `b8e8` to save the rook and defend against `d1d8` back-rank mate; `b8b7` loses immediately to `d1d8`.
5nk1/p1p2ppp/6q1/3P4/3p4/2P5/P5PP/RN3R1K w - - 0 26,f1g1,White moves the rook to `f1g1` to avoid the back-rank mate threat `a6f1`.
r3Q1k1/5ppp/p4q2/1ppP4/8/8/PPP3PP/R1B1R1K1 b - - 0 20,f6e8,Black captures the queen with `f6e8` to prevent checkmate; `a8e8` would allow `e1e8` mate.
3b2k1/1Q1q1p1p/3P2pB/1P2R3/8/7P/5PP1/6K1 b - - 0 40,f7f6,"Black plays `f7f6` to create an escape square for the king and attack the rook, preventing the immediate `e5e8` mate."
6k1/5pp1/Qp2p2p/p3P3/8/P1B2P2/1P4PP/2nr3K w - - 1 32,a6f1,"White is forced to play `a6f1` to block the rook check, giving up the queen to prevent immediate mate."
q4rk1/1b1n1ppp/3bp3/1pp3P1/4PP1P/1P3Q2/1BPP4/r1K1RBNR w - - 3 18,b2a1,White plays `b2a1` to capture the rook; the King cannot move to `b1` or `d1` due to check or obstruction.
"3r3k/p5pp/2pQ4/4p3/8/6P1/PP6/K4R2 b - - 0 31",d8g8,"Moves the rook to safety; capturing the Queen (Rxd6) allows a forced back-rank mate via Rf8."
"1k2Rr2/p1p4p/1p1p2pn/5p2/2P5/5B1P/PP3PP1/4R1K1 b - - 1 22",f8e8,"Forced capture to escape check."
"4r1k1/2Q2p1p/p5p1/1p3P2/1P6/P2P3b/7R/R3q2K w - - 1 30",a1e1,"Forced capture to escape check."
"2kr2nr/pp5p/1Np1q3/4p1pb/4P3/6PP/PPPQ2P1/2KR1B1R b - - 1 16",a7b6,"Captures the Knight to escape check; moving the King (Kb8) allows mate via Qd8."
"r1b1kb1r/ppq2p2/2p2n1p/4B1p1/4P3/2N5/PPPQ1PPP/2KR1B1R b kq - 0 12",c7e5,"Captures the bishop to prevent the mate threat on d8."
"1r4k1/1R3ppp/8/R7/8/p3P3/5PPP/6K1 b - - 0 28",b8c8,"Threatens a back-rank mate on c1 and avoids capturing on b7 which leads to mate via Ra8."
"r1Q3k1/5ppp/4p3/3n2q1/P2P4/5P1P/2R3PK/8 b - - 4 37",a8c8,"Forced capture to avoid mate."
"r4rk1/2N1p1b1/p5Qp/1p6/8/8/P5PP/3R1q1K w - - 2 26",d1f1,"Forced capture to avoid mate."
"8/p1k1q2p/2p5/4r3/6Q1/8/P4PPP/2R4K w - - 3 31",h2h3,"Creates a flight square for the King to avoid the back-rank mate threat on e1."
"4rQ1k/p1p1r1pp/3b4/8/1PP5/P6P/5R2/5K2 b - - 2 46",e8f8,"Forced capture to escape check."
"3r4/1b6/pk2B3/1p4p1/5bP1/2Q5/PPP5/2K5 w - - 3 32",c1b1,"Forced King move to escape check."
"r2qr1k1/pp3pp1/7p/3pP1nb/7P/B1PQ1P2/P1B3P1/R4RK1 b - - 0 20",h5g6,"Blocks the dangerous diagonal to h7 and attacks the White Queen."
"r1bqkr2/ppp1b2p/6p1/3R2B1/7P/2P1Q3/PPP2PP1/2K4R b q - 0 14",c8d7,"Develops the Bishop to block the d-file; capturing the Rook (Qxd5) leads to mate via Qxe7."
"r4rk1/ppb2ppp/4qB2/3p3b/2P5/3Q1NPP/P1B2P2/R4RK1 b - - 0 18",h5g6,"Blocks the mate threat on h7 and attacks the White Queen."
"4r1k1/1pp1rppp/p2p4/3P4/2B3Q1/1P6/1B3NPP/R3q2K w - - 1 23",a1e1,"Forced capture to escape check."
"r2k3r/pp1b2pp/2p2q2/3p4/2B5/2bQ1N2/P4PPP/2RR2K1 b - - 3 18",c3b2,"Moves the Bishop to safety; capturing on c4 (dxc4) allows a forced mate via Qd7."
"r3r1k1/pp1Q1p1p/3p2p1/2pP4/5P2/8/P5PP/3Rq2K w - - 0 24",d1e1,"Forced capture to escape check."
"4r1k1/p3Qppp/8/8/8/1P4P1/P4P2/3R2K1 b - - 0 25",g3d6,"Blocks the d-file to prevent back-rank mate; capturing the Queen (Rxe7) allows Rd8#."
"5b2/1p1nkP2/4p3/p2r3R/6P1/8/PPP5/1K1q3Q w - - 0 33",h1d1,"Forced capture to escape check."
r2q1rk1/pp2bppp/n1p5/3p4/3P1Bb1/P2QPN2/1P3PPP/RB3RK1 b - - 4 14,g7g6,"Black plays `g7g6` to block the dangerous battery of White's Queen and Bishop on the b1-h7 diagonal, preventing `d3h7` checkmate."
1k3r2/pp1P4/2p5/2P5/6p1/1P4Pp/P2R1BbP/4r1K1 w - - 1 42,f2e1,"White captures the rook with `f2e1`, the only legal move to escape the check from the rook on e1."
2r3k1/p5p1/1p2p1P1/4P2p/3RP1n1/1PN5/P6P/7K b - - 0 26,g8f8,"Black moves the king to `g8f8` to step out of the potential back-rank mating net, allowing the rook to move freely later."
8/7k/1R2bp2/1P2pr1p/2Pp4/3P2P1/1B4PP/7K w - - 1 30,h2h3,"White plays `h2h3` to create luft for the king, preventing the immediate back-rank mate threat `f5f1`."
3r1Q1k/p5pp/8/3p2q1/P2Pr3/2B5/1P4PN/5RK1 b - - 2 33,d8f8,Black is forced to play `d8f8` capturing the Queen to delay the inevitable mate starting with `f1f8`.
1k6/p7/Pp1n1q2/1P1Q1ppp/8/3p4/5PPP/2R3K1 w - - 0 34,d5g8,"White plays `d5g8` check, starting a forced mating sequence or winning material after `d6c8` `c1c8`."
r1bq1Q1k/ppp3pp/1b6/8/3P4/2P4P/PP5P/RN3RK1 b - - 2 16,d8f8,"Black must play `d8f8` to capture the checking Queen, although `f1f8` leads to back-rank mate immediately."
7k/7p/7P/4R3/PK6/5p2/4pr2/8 b - - 1 48,f2f1q,"Black promotes the pawn with `f2f1q`, which forces White to deal with the new Queen and allows `f1f8` interposition against the `e5e8` mate threat."
2k1r2r/pp4bp/1np5/5R2/1P6/1Q6/P4nPP/1RB4K w - - 5 26,h1g1,"White moves `h1g1`, the only legal square for the king to escape the check from the knight on f2."
8/4kpp1/2p1p3/3pP3/3N4/r1P4R/2P1bPPP/6K1 w - - 0 24,f2f3,"White plays `f2f3` to create an escape square for the king (luft), preventing the back-rank mate `a3a1`."
2r4k/6pp/1R6/3p4/1p6/7P/5PP1/6K1 b - - 1 32,c8c1,"Black plays `c8c1`, checking the king and allowing the rook to defend the b-pawn or activate, as `b6b4` was threatened."
7k/3r2p1/1p4qp/8/8/2P1p3/PPQ3PP/6K1 w - - 0 36,c2c1,White plays `c2c1` to prevent the immediate `d7d1` mate; taking the queen `c2g6` allows `d7d1` mate due to the `e3` pawn.
k2r4/2p5/6pp/3P3b/3Bp2P/q1P5/1R1K1P2/1R6 b - - 3 42,e4e3,Black plays `e4e3` to disrupt White's coordination and open lines before dealing with the `b1a1` pin threat.
r4rRk/b4p2/p1p4p/1pPpP3/3P1q2/P2Q4/6PP/1BR4K b - - 2 31,f8g8,Black plays `f8g8` to capture the checking rook; capturing with the king would lead to immediate `d3h7` mate.
rn3r1k/pQ6/1pp1P2p/3p4/1P6/PN6/6PP/R4q1K w - - 2 31,a1f1,"White plays `a1f1` to capture the queen, which is the only legal move to escape check, though `f8f1` mate follows."
3q1Q1k/p5p1/2p3Pp/7P/1p2P3/8/P5P1/5R1K b - - 1 36,d8f8,"Black must play `d8f8` to capture the queen, escaping check only to be mated by `f1f8` on the next move."
4r2k/p5p1/1p5p/8/7B/P1P5/P2q1PPP/3R2K1 w - - 0 27,h2h3,"White plays `h2h3` to give the king an escape square, avoiding the back-rank mate `e8e1` if the rook moves or is captured."
8/1R5R/p1r2kp1/4bp2/1P2p3/7P/5PP1/6K1 w - - 1 36,f2f4,"White plays `f2f4` to challenge the bishop and create a flight square, preventing any immediate mating nets."
R7/4rkpp/2pr1p2/4Pb2/8/8/1P3PPP/4R1K1 w - - 0 26,h2h3,"White plays `h2h3` to make luft; this prevents `e7e1` back-rank mate, allowing White to safely capture the rook on d6 next."
"1k6/1p4R1/2r2n1p/p4B2/8/8/PP3PPP/6K1 w - - 3 30",g2g3,"Creates a flight square (luft) for the King to prevent back-rank mate."
"2r3k1/5ppp/2N1p3/p2p4/2b5/P2nP1KP/3B2P1/1R6 b - - 3 29",h7h6,"Creates a flight square to avoid the back-rank mate trap; capturing the Knight (c8c6) leads to mate via b1b8."
"2r3k1/pp3ppp/8/8/4r3/8/PP3PPP/4R1K1 w - - 0 24",g2g3,"Creates a flight square to avoid back-rank mate; capturing the Rook (e1e4) allows c8c1."
"2kr3r/ppb2Qp1/2pqp1p1/8/3P4/P1P4P/1BP2PP1/R4RK1 w - - 1 18",f2f4,"Blocks the Queen's path to h2, preventing checkmate."
"2r2r1k/pQ4pp/8/4p3/5p2/8/3q1PPP/3R2K1 w - - 0 32",h2h3,"Creates a flight square; capturing the Queen (d1d2) or leaving the back rank allows mate via c8c1."
"r1b3k1/p5pp/1qp5/3pb3/3P4/1N2Q1PP/PP4B1/R5K1 b - - 3 20",b6b3,"Captures the Knight and exploits the pin on the e-file (axb3 LxB wins piece)."
"5rk1/R3b1pp/4Pp2/2q2Q2/2NpB4/2nP2PP/7K/8 b - - 2 39",c5f5,"Captures the Queen to stop the threatened checkmate on h7."
"krR5/P7/KP6/8/8/8/8/8 b - - 4 70",b8c8,"Captures the Rook; this is the only attempt to prolong the game."
"4rrk1/1p4pp/p2b1R2/3P4/4P1QN/8/6PP/5q1K w - - 0 28",f6f1,"Captures the Queen to prevent immediate checkmate."
"4r3/pk4pp/8/8/8/P1N5/1Pp2PPP/2Rr2K1 w - - 5 31",c3d1,"Captures the Rook; taking with the Rook (c1d1) allows cxd1=Q with mate."
"b2RQ2k/p5pp/1n2r3/1P2Pp2/8/P7/B4PP1/6K1 b - - 0 32",e6e8,"Captures the Queen."
"6k1/p1p3p1/3b2b1/2np3P/4p2q/1P2P2P/PBP1N1Q1/3K1N2 b - - 0 29",h4f6,"Defends the g7 square against the threatened mate by the Queen and Bishop."
"3r3k/p5pp/4Qn2/8/1P1B4/P1P5/5PPP/6K1 w - - 1 29",h2h3,"Creates a flight square to avoid back-rank mate; capturing the Knight (d4f6) allows d8d1."
"8/2Pk1ppp/1K2p3/8/8/1P4P1/2r4P/3R4 b - - 2 44",d7e7,"Moves the King to safety to avoid the mate threat involved with d8."
"r1b3kr/pp3p1p/2p2Q1B/3p1q2/8/2P5/PP3PPP/2K1RB1R b - - 0 18",f5f6,"Captures the Queen and defends against the mate threat on e8 (via Rxe8)."
"q4rk1/1bp1bppp/2n1p3/1p6/3P4/2PQPN2/2B2PPP/2B2RK1 b - - 1 15",g7g6,"Blocks the diagonal to prevent the checkmate threat on h7."
"k1Q1r3/pp4pp/5n2/3q4/3P4/4B1P1/PP3P2/2R3K1 b - - 2 23",e8c8,"Forced capture to escape check."
"4R2k/6pp/pq4p1/3p4/1P1P4/2P2rP1/5PP1/1R4K1 b - - 1 33",f3f8,"Forced block to prevent immediate checkmate."
"2r3k1/p4ppp/8/8/4P3/n1R3P1/4qP1P/1R4K1 b - - 0 40",h7h6,"Creates a flight square; capturing the Rook (c8c3) leads to mate via b1b8."
r4rk1/1b2b1pp/p1q1pn2/n4p2/8/P1N1PN1P/BB3PP1/R2Q1RK1 w - - 2 17,c3e2,"White plays `c3e2` to reroute the knight toward f4 or d4 and to support the kingside defense, while keeping the long diagonal closed to the Queen on c6."
5rk1/2P3pp/8/8/4Q3/6P1/b5PP/4Rq1K w - - 3 33,e1f1,"White plays `e1f1` to capture the checking Queen; it is the only legal move, though `f8f1` leads to checkmate immediately after."
3r1rk1/pbpn1ppp/1p2pq2/8/3P4/2PQ1N2/PPB2PPP/R4RK1 b - - 4 14,b7xf3,"Black captures the knight with `b7xf3`, ruining White's kingside pawn structure (if `g2xf3`) or deflecting the Queen from the battery (if `d3xf3`)."
2r3k1/5pb1/6p1/6P1/p3p3/B7/PP5Q/K1q4R w - - 4 42,h1c1,"White plays `h1c1` to capture the checking Queen, delaying the inevitable mate `c8c1` by one move."
8/1p6/p1p5/8/1PP5/1P3pk1/6p1/3r1RK1 w - - 3 59,f1d1,"White captures the checking rook with `f1d1`, preventing immediate checkmate and entering a winning endgame."
r1b2rk1/pp1n1pp1/2p2q1p/3p4/1b1P4/2NQP3/PP3PPP/1BR1K1NR b K - 3 11,g7g6,Black plays `g7g6` to block the `b1-h7` diagonal and prevent the threatened checkmate on h7.
1r3k2/p1p2Rr1/1bB5/5Q2/3P4/2P1q1p1/PP2P2P/5R1K b - - 0 23,g7f7,Black captures the checking rook with `g7f7` to defend the king.
6k1/1b3p1p/p1q1p1p1/2p1Q3/P1B2P2/1P5P/2P3PK/8 w - - 2 27,c4f1,White plays `c4f1` to defend the g2 square against the threatened `c6g2` checkmate.
6k1/pp4pp/2b2p2/8/1P2qP2/P3pQ2/P5rP/4R1K1 w - - 0 33,f3g2,"White captures the checking rook with `f3g2`, trading queens and entering a winning endgame with a Rook against a Bishop."
2kr3r/pp2bpp1/2N1pn1p/8/1q1P1B2/5Q1P/PPP2PP1/2KR3R b - - 0 16,b4c4,Black moves the Queen to `b4c4` to escape the attack; taking the knight `b7xc6` would lead to forced mate via `f3c6`.
6k1/6pp/p2r4/8/1P6/P3p3/2p3PP/2R3K1 w - - 0 34,g1f1,"White plays `g1f1` to bring the king to the center, preventing the back-rank mate threat `d6d1` by controlling the e1/e2 squares."
4r3/p1k5/3p4/1Qp3r1/3p4/1P3P2/1BPP4/2K1R3 w - - 0 39,b5e8,"White captures the loose rook with `b5e8`, winning decisive material."
6Qk/6pp/p2Bp3/3pP2P/2pPb1P1/2q5/5R1K/8 b - - 0 43,h8g8,Black captures the Queen with `h8g8` (forced).
r1bq1Q1k/6pp/p7/1pp5/P7/b1PPP3/6PP/4RRK1 b - - 2 21,d8f8,Black captures the Queen with `d8f8` (forced).
r1R3k1/p4pp1/4p3/1r1pP1Np/3n4/1PR5/1P3PPP/6K1 b - - 1 23,a8c8,Black captures the checking rook with `a8c8` (forced).
7k/p5pp/8/2p4P/8/P2b1pPQ/1P3P2/3q1BK1 b - - 2 41,d1f1,"Black captures the bishop with `d1f1`, leading to mate or a winning endgame, and preventing White's back rank threats."
2r2rk1/2qn1pbp/3R2p1/1Q2p3/4P3/4BN2/PPP2PPP/2K4R w - - 1 19,d6d2,White retreats the rook to `d6d2` to defend the c2 pawn against Black's threatened `c7c2` checkmate.
4r1k1/p4ppp/8/1p1Q4/8/5PPb/P6P/3Rq1K1 w - - 3 27,d1e1,White captures the checking rook with `d1e1` (forced to avoid mate).
"2r3k1/pp3pp1/4p1np/4P3/3q4/1P4B1/P4PPP/3R2K1 w - - 0 23",h2h3,"Creates a flight square to avoid the back-rank mate that follows d1xd4 c8c1+."
"r2r2k1/pp3ppp/n7/2pq4/8/1PP2N1P/1P2QPP1/R3R1K1 b - - 5 19",d5b3,"Captures the undefended pawn."
"2k5/2p5/p5p1/6R1/2N1R2p/2P4P/PP4PK/3r1r2 w - - 1 32",e4e1,"Blocks the file to prevent the immediate checkmate threat of f1h1."
"6k1/2p2r2/1P5p/2p3p1/2P1P3/8/4QpRP/Bq3K2 w - - 1 43",e2d1,"Queen blocks the check; other moves are impossible or lead to immediate loss."
"8/2R5/P7/6pp/3p4/3P2Pk/7P/1r5K w - - 1 45",c7c1,"Forced rook block to delay checkmate."
"2Rr1k2/5p1p/5p2/5N1P/5Pr1/4P3/2R1K3/8 b - - 1 38",f8g8,"Moves the King to safety; capturing the rook (d8xc8) allows forced mate via c2xc8."
"5rQk/pp5p/2p2q2/3np3/3P1p2/2P4P/PP3PR1/6RK b - - 3 27",h8g8,"Forced King capture; taking with the Rook (rxg8) allows g2xg8#."
"5rk1/5q1p/p5p1/1pNp4/3P4/2P1b3/PP2Q1PP/5RK1 w - - 7 28",g1h1,"Moves King to the corner to prolong the game; taking the bishop leads to immediate back-rank mate."
"r2q1rk1/4bppp/p1p1pn2/2pp4/5P2/1P2P1QP/PBPP1RP1/RN4K1 b - - 3 12",e7f6,"Blocks the long diagonal to neutralize the mate threat on g7."
"r2q1rk1/pp3pp1/2pb1n1p/3p4/3P4/2N1PP1P/PPQ2P2/1BR2RK1 b - - 0 15",g7g6,"Blocks the bishop's diagonal to defend the h7 mate threat."
"r2q1rk1/pp3pp1/2nbpn6/3p2NP/3P2P1/P1NQ4/1PP2P2/R3K2R b KQ - 0 15",f6g4,"Captures the attacking knight."
"6k1/2q2pp1/p6p/1p6/1P6/P2B4/5PN1/4R1K1 b - - 5 31",c7c3,"Attacks the bishop and creates counter-threats."
"2r1kb1r/1p3ppp/p3p3/3pP3/1P1q4/P2Q4/4RPPP/RN4K1 w k - 0 19",d3d1,"Retreats the Queen to defend c1 against back-rank mate."
"7k/r6p/p2R1Pp1/1Pp5/6P1/8/P6P/6K1 b - - 0 32",h7h6,"Creates a flight square for the King to avoid back-rank mate on d8."
"r1b3k1/pp3r2/8/3Rp3/2B1p1pp/1QP1P3/PP4PP/5q1K w - - 2 26",c4f1,"Captures the Queen."
"3rkr2/2R1Q1pp/p4b2/1p1p4/8/8/P4PPP/4R1K1 b - - 0 25",f6e7,"Captures the Queen."
"3r2k1/1p3ppp/8/Q1P5/8/P2q4/1P3P1P/6K1 b - - 0 27",d3g6,"Checks the King and forces a favorable position or perpetual check."
"3rr1k1/1p3RR1/2n5/p3p3/8/2P1PNB1/PP3PPP/6K1 w - - 7 27",g7h7,"Delivers a check to force a draw by repetition."
"4rRk1/1p1q2pp/p2rb6/7P/3pP3/3B1Q2/1PP5/5R1K b - - 1 35",e8xf8,"Captures the rook."
"r4rk1/pb2nppp/1pq1p3/4R3/P1p2B2/2PP1N2/2P2PPP/R2Q2K1 w - - 7 16",f3d4,"Centralizes the Knight and attacks the Queen; moving the Knight is safe because ...Qxg2+ loses the Queen."
"1k1r4/pp4pp/4Bn2/8/3Bp1P1/7P/PP3P2/2R3K1 b - - 0 24",b7b6,"Creates a flight square for the King to escape the back-rank mate threat."
"R4k2/5n1p/5K2/8/1P6/2n5/p6P/8 b - - 1 58",f7d8,"Forced block to delay checkmate."
"1nr3k1/5pp1/3p3p/4p3/6Q1/4PN2/5PPP/R1q3K1 w - - 2 27",g4d1,"Interposes the Queen to defend the back rank; capturing leads to forced mate."
"r5k1/5ppp/8/8/1p1R1P2/1P5P/P5P1/6K1 b - - 0 35",h7h6,"Creates a flight square (luft) to prevent back-rank mate on d8."
"r4Q1k/6pp/3P4/2p5/8/4P1N1/pq4PP/5RK1 b - - 1 34",a8f8,"Forced capture to escape check."
"1k6/1p4p1/5p1p/1N6/3R4/2P2bP1/5Pr1/5K2 b - - 0 38",b7b6,"Creates a flight square for the King to avoid the back-rank mate threat on d8."
"2r3k1/1p2p2p/4b1pB/p2pP3/P2P2P1/5R1P/2Q5/6K1 b - - 0 28",e6f5,"Interferes with the f-file and attacks the Queen, preventing the mate threat on f8."
"r4qk1/1pp3pp/p7/n1b1P1N1/4n1b1/2P5/PPQ3PP/RNB4K w - - 0 17",c2h7,"Delivers checkmate supported by the Knight on g5."
"4r1k1/pp3ppp/5P2/3p4/3B4/3r3P/P5P1/R3R2K b - - 0 23",e8e1,"Forced capture to avoid immediate mate."
"1r2R1k1/prp2p1p/3p4/5p2/3B4/8/PPP2KPP/4R3 b - - 3 26",b8e8,"Forced capture to prolong the game against inevitable mate."
"1r1r2k1/pp3ppp/4p3/4P3/b1p5/6P1/1P2PPBP/2R1K2R w K - 0 20",e1g1,"Castles to safety, connecting the rooks and solving the back-rank weakness."
"5r1k/p3R1p1/7p/4Q3/3p4/8/6PP/1r2Rq1K w - - 2 30",e5g7,"Delivers checkmate supported by the Rook on e7."
"6k1/1r1rNppp/n7/4P3/2p2P2/6P1/PPP4P/2KR3R b - - 0 23",g8f8,"Moves the King to safety; capturing the Knight leads to back-rank mate."
"R2Q4/5pkp/4b1p1/3pq3/8/8/6PP/6rK w - - 0 46",h1g1,"Forced King capture to escape check."
"3qQ1k1/5ppp/p1p5/2P2b2/1P5r/P6P/5PP1/4R1K1 b - - 1 28",d8e8,"Forced capture to avoid immediate mate."
"3Rn1k1/p4ppp/8/1QK5/8/8/PP4q2/8 b - - 0 31",g2g5,"Checks the King and forks the Rook on d8."
"r5k1/pp4pp/2n1p2n/2ppP3/5r2/2P4P/PP4PP/RNBQ1q1K w - - 4 19",a1f1,"Captures the Queen with the Rook to prevent checkmate."
"2k5/1bp4r/p3Np2/1p6/5N2/2P4P/Pr3P2/3R1K2 b - - 5 34",h7h8,"Defends the d8 square against the back-rank mate threat."
"r3r1k1/1p1n4/p1b1p2p/3qPp2/3P2pP/1R1B2Q1/P4PP1/2B2RK1 w - - 0 25",c1h6,"Captures the hanging pawn on h6 which is undefended."
"4r3/pp3Rp1/1kpp3p/8/5Pn1/PB6/1PP3PP/6K1 w - - 3 28",g2g3,"Creates a flight square (luft) for the King to avoid the back-rank mate threat on e1."
"r1k1n2r/1pp1n1pp/p3Bp2/8/6b1/2P1PNB1/P1PR1PPP/2KR4 b - - 2 18",g4e6,"Captures the checking Bishop; although d2d8 leads to mate, this is the most resilient attempt."
"2b1qbk1/p6p/2p2pp1/3p4/N2Q4/1P1P3P/P1P2PPB/1R2r1K1 w - - 1 25",b1e1,"Forced capture of the Rook to delay the inevitable mate by e8xe1."
"1r5k/2p3p1/6Pq/p2r4/5R1P/1Q6/8/6K1 b - - 2 40",d5d1,"Checks the King on g1, forcing it to move or blocking pieces to be captured, leading to a winning sequence."
"r1b2Qk1/5p1p/p4Pp1/1p2P3/8/8/qPP3PP/2KR1B1R b - - 0 18",g8f8,"Forced King capture to escape check, leading to immediate mate via d1d8."
"r2Q2k1/ppp2ppp/4bn2/2B5/Bn6/1P3N2/q2R1PPP/2K4R b - - 0 21",a8d8,"Forced capture to escape check, leading to back-rank mate."
"4r3/8/p1p1p3/1pPkRr1p/1P1P3P/P2K4/4R3/8 b - - 1 38",f5e5,"Forced capture to escape check, leading to d4xe5 checkmate."
"8/p2q2k1/3p2pp/2pQp3/2Pb4/1P3P1r/6P1/1R2R2K w - - 0 38",g2h3,"Forced pawn capture to escape check, leading to immediate mate via d7xh3."
"k1Q4r/pp6/8/7p/2R5/1P5B/2P3KP/q7 b - - 2 42",h8c8,"Forced capture to escape check, leading to c4xc8 checkmate."
"2rR2k1/1p3ppp/p3p3/5b2/Pn2n3/1BN3BP/1PP2PP1/3R2K1 b - - 0 20",c8d8,"Forced capture to escape check, leading to d1xd8 checkmate."
"2r3k1/6p1/p2p4/4pPp1/4P3/Pn1P2PP/1P1NR3/1RrK1 w - - 10 31",b1c1,"Forced capture to escape check, leading to c8xc1 checkmate."
"8/2q2k2/Q2bpp1p/p7/8/P2P3P/6P1/1Rr4K w - - 2 32",b1c1,"Forced capture to escape check, leading to c7xc1 checkmate."
"1r4k1/5pbp/4pBp1/4P3/7N/8/6PP/1q3Q1K w - - 0 37",f1b1,"Captures the enemy Queen to remove the pin and back-rank mate threat."
"8/p1k5/P7/2p3R1/8/1P4p1/6P1/4rBKr w - - 4 53",g1h1,"Forced King capture to escape check, leading to e1xf1 checkmate."
"r4rk1/pp3pbp/2q3p1/3pP2R/8/1PPQ4/P1B2P2/RN2K3 b Q - 0 17",f8e8,"Prepares a flight square for the King on f8; capturing the rook (g6xh5) leads to mate via d3xh7."
"6R1/8/p4r1k/1p1P3P/1P1b4/8/P1P5/1K3rR1 w - - 3 49",g1f1,"Forced capture to escape check, leading to f6xf1 checkmate."
"4rQ1k/p1p3pp/2q1r3/8/1P6/P1N5/1BP3PP/5R1K b - - 2 25",e8f8,"Forced capture to escape check, leading to f1xf8 checkmate."
"rnb3k1/p4ppp/1pp5/3p4/3P1q2/5P1P/PPP1QP2/1K1R3R b - - 1 19",c8e6,"Blocks the e-file with the Bishop to prevent back-rank mate on e8."
8/6pk/5pP1/4pP1K/3br3/8/2R5/8 b - - 0 52,e4h4,"The best move is **...e4h4** to force a king trade, which leads to a drawn King and Pawn endgame due to White's inability to stop Black's King from reaching the queenside pawns after the rook exchange."
6k1/5ppp/4p1b1/8/P7/7P/1r3PP1/2R3K1 b - - 1 32,b2b1,"The best move is **...b2b1**, which is an exchange sacrifice that forces a trade of rooks, allowing Black to win the pawn on a4 and achieve an easily drawn endgame."
5r1k/p5pp/1pp5/3p4/6B1/P1P3Pb/3B3P/1RN1r1K1 w - - 9 31,g4e2,"White plays **g4e2**, sacrificing the bishop for the deadly black rook to survive the attack and retain a material advantage."
r2q1rk1/1b1nbppp/p2pp3/1pp5/3P4/2PQPNP1/PPB2PPN/R3R1K1 b - - 1 16,c5c4,The move **...c5c4** is a strong central pawn break that prepares to play ...a6a5 to weaken the queenside and prevents White from challenging the c-file.
6k1/p5pp/3N1p2/3qP3/Pb6/1b2P1B1/5PPP/2R3K1 b - - 2 28,d5d2,"The move **...d5d2** is a strong queen sacrifice, where Black gets a full rook and a bishop for the queen, securing a winning material advantage after c2d2."
k2r4/P1p2ppp/1p1r1n2/8/8/R2N4/1PP2PPP/2R3K1 w - - 2 28,a3c3,"The best move is **a3c3** to defend the key c3 square and prepare to exploit Black's exposed king. The alternative, Rc3, is also very strong but the Rook on c1 is well-placed."
8/6k1/1N4p1/2RP3p/5KbP/2P3P1/5r2/8 w - - 3 48,f4g5,"White plays **f4g5** to secure the Knight on b6 and attack the Bishop on g4, which leads to a decisive advantage."
6r1/1R2ppkp/p7/3rNB2/8/4Q3/P4PPP/b5K1 w - - 0 25,b7e7,"The move **b7e7** is a powerful attack, winning back the sacrificed exchange on a1 and threatening the knight on d5, leading to a winning material and positional advantage."
1k6/ppp3pp/3r4/8/4b3/1P2PB2/P4PPP/R1B3K1 w - - 1 18,f3e4,White plays **f3e4** to eliminate Black's powerful Bishop on e4 and retain a decisive advantage in the endgame.
r4Bk1/pp2br2/1q2p2p/3p1p2/3P3P/2PpPP2/PP4Q1/1R2K1R1 b - - 0 22,d4e3,"The move **...d4e3** is the best pawn break, initiating a direct attack on White's king and unmasking a powerful battery along the g-file."
5k2/p2r2p1/1pN1K2p/2p1P3/8/5Q2/3q2PP/8 b - - 13 37,d7f7,"Black plays **...d7f7** to decisively win White's queen for a rook, leading to an easily winning endgame for Black."
1k1r1n1r/pp4p1/5p2/1p2bB2/1P2P3/3Q1PP1/P5K1/2R5 b - - 2 25,d8d3,"The best move is **...d8d3** to trade off the rooks and eliminate White's most active piece, the Queen on d3, achieving a better endgame."
3r2k1/p4ppp/b1B5/8/1q6/4P3/P4PPP/bQ4KR w - - 0 19,b1b4,"White plays **b1b4** to trade queens and eliminate Black's strong attack on the queenside, leading to a slightly better endgame."
2R3k1/5p2/p2p1Bpb/1p1Pp3/1P2P1p1/1r6/6PP/6K1 b - - 3 40,h6g7,"The best move is **...h6g7** to save the Bishop and simplify the position, maintaining a winning material advantage in the endgame."
4r1k1/1p3ppp/p7/2p5/5PP1/1P2p2P/P1P4K/3R4 b - - 1 35,e3e2,"The move **...e3e2** promotes the pawn, leading to a winning endgame for Black."
4r3/2pR4/1p4kp/7p/p1n2P1B/P5P1/1PP5/2K5 w - - 6 33,d7c7,"The best move is **d7c7**, which is a powerful exchange sacrifice to simplify the position and achieve a drawn King and Pawn endgame."
6k1/6pp/3Npp2/2Qb4/1P6/5P1P/6PK/q7 b - - 2 35,d5c6,Black plays **...d5c6** to force a Queen exchange and transition into a winning King and Pawn endgame due to White's poorly placed Knight and weak pawns.
r4rk1/pbp2pbp/1p2p1p1/3qP3/5P2/3B4/PPP3PP/R1BQ1RK1 w - - 0 14,d1e2,"White plays **d1e2** to defend against the threat of ...d5g2# and prepares to challenge the Queen on d5, leading to a better position."
5rk1/pppqrppp/3b4/3P1R2/2PQ4/6P1/PBP2PKP/R7 b - - 2 20,f7f6,"Black plays **...f7f6** to stop White's attack and prepare to simplify the position, maintaining a decisive material advantage."
"r3R1k1/6p1/Bn1r2Pp/1P5P/1K6/3P1P2/8/4R3 b - - 2 44",d8e8,"Forced capture to escape check."
"r2b3k/pp3Qpp/7r/2P2pn1/1P1P4/P4P2/1N4PP/R3R1K1 b - - 0 27",g5f7,"Captures the Queen and eliminates the back-rank mate threat on e8."
"4r1k1/pp3ppp/5nb6/8/2Pr4/PP3P2/6PP/RN1R3K w - - 0 20",d1d4,"Captures the Rook to prevent back-rank mate via e8e1."
"rn2r1k1/1pp1qpp1/p2p3p/3P4/5n2/5N2/PPPQNPPP/R3K2R w KQ - 4 17",e2f4,"Captures the unprotected Knight and defends the position."
"5k2/ppp2p1p/8/2n2N2/4P3/Pr3P2/1P1R3P/1K6 b - - 17 37",f8e8,"Moves the King to safety to avoid the back-rank mate threat on d8."
"rn3Q1k/p5pp/1pp1p1n1/2PpP1q1/1P1P4/2Nb2P1/P6P/R4RK1 b - - 3 18",g6f8,"Forced capture to escape check."
"3R2k1/pp3p2/2p3p1/6rp/4q3/2Q4P/PPP2PP1/6K1 b - - 0 23",g8h7,"Forced King move to escape check; blocking leads to mate."
"rnb2rk1/ppp3pp/3ppq2/8/2PPp3/8/PP2PPPP/R1NQKB1R w KQ - 2 11",e2e3,"Blocks the diagonal to prevent the checkmate threat on f2."
"1k6/p1p1n2r/Bp3p2/3R1P2/8/8/PPP5/2K1R3 b - - 0 26",e7d5,"Captures the Rook to stop the back-rank mate threat on d8."
"3r2k1/6pp/p4p2/1P2p3/2b5/2P5/1P3PPP/R1B3K1 w - - 1 22",c1e3,"Develops the Bishop to connect the Rooks, defending against the back-rank mate on d1."
"3r1r1k/pp4pp/8/8/1P6/P1Qp4/1B4PP/2R2q1K w - - 2 32",c1f1,"Forced capture to escape check, although mate follows."
"8/5P2/p6p/3kr1p1/b5P1/2p2P2/P6P/2K5 w - - 0 44",f7f8q,"Promotes to Queen; immediate mate on e1 is unavoidable."
"2r5/pp2Nppk/7p/8/8/3q4/PP3PPP/3R2K1 w - - 2 29",d1d3,"Captures the Queen; otherwise immediate back-rank mate follows (though mate still follows via Rc1+)."
"1r1q1rk1/p1p1npp1/1p1bbn1p/8/1P5N/2PQ4/P1B2PPP/RNB2RK1 b - - 11 18",d6h2,"Discovered attack that checks the King and wins the Queen."
"8/p3r1k1/R2p1p2/3B1Kpp/PPP5/8/8/8 w - - 2 42",d5e6,"Moves the Bishop to vacate the e4 square, allowing the King to escape the mate threat on e5."
"r1b2rk1/ppp1nppp/5q2/3p4/3P4/2PQ1N2/P1B2PPP/R4RK1 b - - 7 14",c8f5,"Develops the Bishop and attacks the Queen to interfere with the mate threat on h7."
"3r1k2/3r3b/4pP2/7p/Q5p1/8/P5PP/3q1R1K w - - 0 38",a4d1,"Captures the Queen."
"1qb2rk1/1p1pbppp/5n2/2PB4/8/2Q5/3N1PPP/B5K1 b - - 0 19",g7g6,"Blocks the long diagonal to prevent the checkmate threat on g7 (capturing the bishop allows mate)."
"4r1k1/1pp2ppp/p1n2n2/2P5/5P2/P7/3PN1PP/R1B4K w - - 1 18",h2h3,"Creates a flight square to avoid back-rank mate; saving the Knight on e2 is impossible."
"2R5/3k1p1p/p7/3r4/n7/4R3/5PPP/6K1 w - - 6 34",h2h3,"Creates a flight square (luft) for the King to avoid the back-rank mate threat."
"3r2k1/2p2ppp/1p6/4P3/2P5/8/PP2NPPP/1R1r1K2 w - - 5 25",b1d1,"Forced capture of the Rook to prevent checkmate."
"8/1p2kp2/p4N2/4p2q/4P2r/5bR1/PPP2R2/6K1 w - - 1 36",f6h5,"Captures the hanging Queen."
"7k/nq4r1/p2P3p/1p2Q3/1B6/P7/1P4P1/2R3K1 w - - 2 39",c1c7,"Attacks the Queen and forces a winning exchange; taking with the Rook leads to mate via Qe8."
"rn2Q2k/p1q3pp/3b1p2/1bpP4/8/1N3N1P/PP3PP1/4R1K1 b - - 1 23",b5e8,"Forced capture of the Queen to avoid checkmate."
"6k1/1Rp1rppp/p4n2/3N4/2n5/5N1P/P1P2PP1/5K2 b - - 2 27",h7h6,"Creates a flight square to avoid back-rank mate; moving the Rook (Re8) loses the Knight."
"2Q4k/pp1b2pp/6r1/4p2q/4P2n/1PNP2B1/P1P2RPP/R5K1 b - - 0 23",d7c8,"Forced capture of the Queen to avoid checkmate."
"6k1/p6p/1p2n2B/8/3Q4/P7/4r1PP/5RK1 b - - 0 37",e2e1,"Sacrifices the Rook to deflect or force a trade, preventing the back-rank mate threat on f8."
"1r1R2b1/2p2k2/2N5/p7/8/2B1P3/PP3rP1/K7 w - - 4 38",d8b8,"Captures the Rook."
"3k1r2/1Qp3p1/p2p3p/P1bP4/8/2N5/1P3rPP/R6K w - - 2 27",h2h3,"Creates a flight square to escape the back-rank mate threat."
"r1b3k1/pp3ppp/1N2p3/8/5P2/P4R2/1b4PP/3R3K b - - 0 25",b2f6,"Blocks the d-file to prevent checkmate on d8."
"6k1/pp3ppp/2n5/2Q5/8/5N2/P1P2PPP/2q1r1K1 w - - 0 19",f3e1,"Forced capture to avoid checkmate."
"2rr2k1/pp1n1ppp/1npBpq2/4P2b/3P4/2NQ1P2/PPB3PP/2R2RK1 b - - 0 17",h5g6,"Blocks the mate threat on h7 while defending the Queen."
"6k1/pp3rp1/6P1/8/8/P2R4/1KP5/8 b - - 0 30",f7f8,"Defends the back rank against the mate threat."
"6k1/3q1ppp/p2p4/Qp1Pn3/8/P3P3/5PPP/3B2K1 b - - 0 25",g7g6,"Creates a flight square to prevent back-rank mate."
"8/pppk1ppp/3r4/8/8/8/PPP2PPP/4R1K1 w - - 2 19",g1f1,"Centralizes the King for the endgame and prevents back-rank issues."
"4k3/3p1p2/2bBp3/1P2P2p/2R2P2/5r2/2P5/2K5 b - - 0 38",c6b7,"Defends the c8 square to prevent checkmate."
"2r3k1/5ppp/p1R1p3/P2pP3/r2P2P1/3n1NKP/5P2/1R6 b - - 0 31",h7h6,"Creates a flight square; capturing the Rook (Rxc6) leads to mate via Rb8."
"3r2k1/pp3ppp/2p5/8/4P1n1/5R1P/PP3PP1/R2r2K1 w - - 1 21",a1d1,"Captures the checking Rook."